,CVE_ENT,CVE_MUN,NOM_MUN,NOM_ENT
0,01,002,Asientos,Aguascalientes
1,01,011,San Francisco de los Romo,Aguascalientes
2,01,007,Rincón de Romos,Aguascalientes
3,01,008,San José de Gracia,Aguascalientes
4,01,005,Jesús María,Aguascalientes
5,01,009,Tepezalá,Aguascalientes
6,01,001,Aguascalientes,Aguascalientes
7,01,006,Pabellón de Arteaga,Aguascalientes
8,01,010,El Llano,Aguascalientes
9,01,003,Calvillo,Aguascalientes
10,01,004,Cosío,Aguascalientes
11,02,005,Playas de Rosarito,Baja California
12,02,003,Tecate,Baja California
13,02,004,Tijuana,Baja California
14,02,002,Mexicali,Baja California
15,02,001,Ensenada,Baja California
16,03,008,Los Cabos,Baja California Sur
17,03,009,Loreto,Baja California Sur
18,03,003,La Paz,Baja California Sur
19,03,001,Comondú,Baja California Sur
20,03,002,Mulegé,Baja California Sur
21,04,007,Palizada,Campeche
22,04,002,Campeche,Campeche
23,04,010,Calakmul,Campeche
24,04,003,Carmen,Campeche
25,04,004,Champotón,Campeche
26,04,011,Candelaria,Campeche
27,04,001,Calkiní,Campeche
28,04,008,Tenabo,Campeche
29,04,009,Escárcega,Campeche
30,04,006,Hopelchén,Campeche
31,04,005,Hecelchakán,Campeche
32,05,035,Torreón,Coahuila de Zaragoza
33,05,022,Nava,Coahuila de Zaragoza
34,05,020,Múzquiz,Coahuila de Zaragoza
35,05,010,Frontera,Coahuila de Zaragoza
36,05,026,Progreso,Coahuila de Zaragoza
37,05,009,Francisco I. Madero,Coahuila de Zaragoza
38,05,033,San Pedro,Coahuila de Zaragoza
39,05,012,Guerrero,Coahuila de Zaragoza
40,05,017,Matamoros,Coahuila de Zaragoza
41,05,001,Abasolo,Coahuila de Zaragoza
42,05,038,Zaragoza,Coahuila de Zaragoza
43,05,016,Lamadrid,Coahuila de Zaragoza
44,05,031,San Buenaventura,Coahuila de Zaragoza
45,05,029,Sacramento,Coahuila de Zaragoza
46,05,013,Hidalgo,Coahuila de Zaragoza
47,05,036,Viesca,Coahuila de Zaragoza
48,05,021,Nadadores,Coahuila de Zaragoza
49,05,025,Piedras Negras,Coahuila de Zaragoza
50,05,011,General Cepeda,Coahuila de Zaragoza
51,05,008,Escobedo,Coahuila de Zaragoza
52,05,024,Parras,Coahuila de Zaragoza
53,05,006,Castaños,Coahuila de Zaragoza
54,05,023,Ocampo,Coahuila de Zaragoza
55,05,019,Morelos,Coahuila de Zaragoza
56,05,028,Sabinas,Coahuila de Zaragoza
57,05,002,Acuña,Coahuila de Zaragoza
58,05,003,Allende,Coahuila de Zaragoza
59,05,005,Candela,Coahuila de Zaragoza
60,05,004,Arteaga,Coahuila de Zaragoza
61,05,015,Juárez,Coahuila de Zaragoza
62,05,037,Villa Unión,Coahuila de Zaragoza
63,05,032,San Juan de Sabinas,Coahuila de Zaragoza
64,05,018,Monclova,Coahuila de Zaragoza
65,05,034,Sierra Mojada,Coahuila de Zaragoza
66,05,007,Cuatro Ciénegas,Coahuila de Zaragoza
67,05,014,Jiménez,Coahuila de Zaragoza
68,05,027,Ramos Arizpe,Coahuila de Zaragoza
69,05,030,Saltillo,Coahuila de Zaragoza
70,06,010,Villa de Álvarez,Colima
71,06,005,Cuauhtémoc,Colima
72,06,002,Colima,Colima
73,06,003,Comala,Colima
74,06,001,Armería,Colima
75,06,006,Ixtlahuacán,Colima
76,06,004,Coquimatlán,Colima
77,06,008,Minatitlán,Colima
78,06,007,Manzanillo,Colima
79,06,009,Tecomán,Colima
80,07,023,Chamula,Chiapas
81,07,087,Suchiate,Chiapas
82,07,031,Chilón,Chiapas
83,07,097,Tonalá,Chiapas
84,07,004,Altamirano,Chiapas
85,07,090,Tapalapa,Chiapas
86,07,050,La Libertad,Chiapas
87,07,099,La Trinitaria,Chiapas
88,07,096,Tila,Chiapas
89,07,108,Villaflores,Chiapas
90,07,058,Nicolás Ruíz,Chiapas
91,07,029,Chicoasén,Chiapas
92,07,017,Cintalapa,Chiapas
93,07,046,Jiquipilas,Chiapas
94,07,007,Amatenango del Valle,Chiapas
95,07,093,Tenejapa,Chiapas
96,07,060,Ocotepec,Chiapas
97,07,051,Mapastepec,Chiapas
98,07,022,Chalchihuitán,Chiapas
99,07,065,Palenque,Chiapas
100,07,010,Bejucal de Ocampo,Chiapas
101,07,094,Teopisca,Chiapas
102,07,073,Rayón,Chiapas
103,07,118,San Andrés Duraznal,Chiapas
104,07,053,Mazapa de Madero,Chiapas
105,07,012,Berriozábal,Chiapas
106,07,028,Chiapilla,Chiapas
107,07,045,Ixtapangajoya,Chiapas
108,07,069,Pijijiapan,Chiapas
109,07,041,La Independencia,Chiapas
110,07,111,Zinacantán,Chiapas
111,07,098,Totolapa,Chiapas
112,07,011,Bella Vista,Chiapas
113,07,008,Angel Albino Corzo,Chiapas
114,07,021,Copainalá,Chiapas
115,07,115,Maravilla Tenejapa,Chiapas
116,07,070,El Porvenir,Chiapas
117,07,054,Mazatán,Chiapas
118,07,047,Jitotol,Chiapas
119,07,116,Marqués de Comillas,Chiapas
120,07,062,Ostuacán,Chiapas
121,07,102,Tuxtla Chico,Chiapas
122,07,042,Ixhuatán,Chiapas
123,07,059,Ocosingo,Chiapas
124,07,117,Montecristo de Guerrero,Chiapas
125,07,039,Huitiupán,Chiapas
126,07,064,Oxchuc,Chiapas
127,07,002,Acala,Chiapas
128,07,057,Motozintla,Chiapas
129,07,119,Santiago el Pinar,Chiapas
130,07,066,Pantelhó,Chiapas
131,07,088,Sunuapa,Chiapas
132,07,026,Chenalhó,Chiapas
133,07,006,Amatenango de la Frontera,Chiapas
134,07,032,Escuintla,Chiapas
135,07,106,Venustiano Carranza,Chiapas
136,07,112,San Juan Cancuc,Chiapas
137,07,114,Benemérito de las Américas,Chiapas
138,07,049,Larráinzar,Chiapas
139,07,020,La Concordia,Chiapas
140,07,078,San Cristóbal de las Casas,Chiapas
141,07,079,San Fernando,Chiapas
142,07,110,San Lucas,Chiapas
143,07,081,Simojovel,Chiapas
144,07,038,Huixtán,Chiapas
145,07,105,Unión Juárez,Chiapas
146,07,056,Mitontic,Chiapas
147,07,072,Pueblo Nuevo Solistahuacán,Chiapas
148,07,044,Ixtapa,Chiapas
149,07,074,Reforma,Chiapas
150,07,089,Tapachula,Chiapas
151,07,048,Juárez,Chiapas
152,07,001,Acacoyagua,Chiapas
153,07,109,Yajalón,Chiapas
154,07,009,Arriaga,Chiapas
155,07,052,Las Margaritas,Chiapas
156,07,077,Salto de Agua,Chiapas
157,07,014,El Bosque,Chiapas
158,07,061,Ocozocoautla de Espinosa,Chiapas
159,07,033,Francisco León,Chiapas
160,07,101,Tuxtla Gutiérrez,Chiapas
161,07,075,Las Rosas,Chiapas
162,07,013,Bochil,Chiapas
163,07,019,Comitán de Domínguez,Chiapas
164,07,080,Siltepec,Chiapas
165,07,083,Socoltenango,Chiapas
166,07,107,Villa Corzo,Chiapas
167,07,092,Tecpatán,Chiapas
168,07,005,Amatán,Chiapas
169,07,085,Soyaló,Chiapas
170,07,055,Metapa,Chiapas
171,07,030,Chicomuselo,Chiapas
172,07,015,Cacahoatán,Chiapas
173,07,086,Suchiapa,Chiapas
174,07,043,Ixtacomitán,Chiapas
175,07,018,Coapilla,Chiapas
176,07,003,Acapetahua,Chiapas
177,07,091,Tapilula,Chiapas
178,07,113,Aldama,Chiapas
179,07,076,Sabanilla,Chiapas
180,07,103,Tuzantán,Chiapas
181,07,067,Pantepec,Chiapas
182,07,071,Villa Comaltitlán,Chiapas
183,07,034,Frontera Comalapa,Chiapas
184,07,063,Osumacinta,Chiapas
185,07,025,Chapultenango,Chiapas
186,07,035,Frontera Hidalgo,Chiapas
187,07,104,Tzimol,Chiapas
188,07,036,La Grandeza,Chiapas
189,07,082,Sitalá,Chiapas
190,07,024,Chanal,Chiapas
191,07,037,Huehuetán,Chiapas
192,07,040,Huixtla,Chiapas
193,07,100,Tumbalá,Chiapas
194,07,027,Chiapa de Corzo,Chiapas
195,07,084,Solosuchiapa,Chiapas
196,07,016,Catazajá,Chiapas
197,07,068,Pichucalco,Chiapas
198,08,061,Satevó,Chihuahua
199,08,044,Matamoros,Chihuahua
200,08,002,Aldama,Chihuahua
201,08,050,Nuevo Casas Grandes,Chihuahua
202,08,015,Coyame del Sotol,Chihuahua
203,08,048,Namiquipa,Chihuahua
204,08,062,Saucillo,Chihuahua
205,08,052,Ojinaga,Chihuahua
206,08,065,Urique,Chihuahua
207,08,003,Allende,Chihuahua
208,08,056,Rosario,Chihuahua
209,08,035,Janos,Chihuahua
210,08,036,Jiménez,Chihuahua
211,08,046,Morelos,Chihuahua
212,08,032,Hidalgo del Parral,Chihuahua
213,08,010,Buenaventura,Chihuahua
214,08,030,Guazapares,Chihuahua
215,08,047,Moris,Chihuahua
216,08,041,Maguarichi,Chihuahua
217,08,019,Chihuahua,Chihuahua
218,08,049,Nonoava,Chihuahua
219,08,029,Guadalupe y Calvo,Chihuahua
220,08,016,La Cruz,Chihuahua
221,08,067,Valle de Zaragoza,Chihuahua
222,08,014,Coronado,Chihuahua
223,08,028,Guadalupe,Chihuahua
224,08,013,Casas Grandes,Chihuahua
225,08,007,Balleza,Chihuahua
226,08,001,Ahumada,Chihuahua
227,08,034,Ignacio Zaragoza,Chihuahua
228,08,066,Uruachi,Chihuahua
229,08,058,San Francisco de Conchos,Chihuahua
230,08,064,El Tule,Chihuahua
231,08,011,Camargo,Chihuahua
232,08,054,Riva Palacio,Chihuahua
233,08,038,Julimes,Chihuahua
234,08,055,Rosales,Chihuahua
235,08,012,Carichí,Chihuahua
236,08,021,Delicias,Chihuahua
237,08,043,Matachí,Chihuahua
238,08,004,Aquiles Serdán,Chihuahua
239,08,027,Guachochi,Chihuahua
240,08,022,Dr. Belisario Domínguez,Chihuahua
241,08,008,Batopilas,Chihuahua
242,08,009,Bocoyna,Chihuahua
243,08,063,Temósachic,Chihuahua
244,08,031,Guerrero,Chihuahua
245,08,017,Cuauhtémoc,Chihuahua
246,08,051,Ocampo,Chihuahua
247,08,020,Chínipas,Chihuahua
248,08,033,Huejotitán,Chihuahua
249,08,053,Praxedis G. Guerrero,Chihuahua
250,08,060,Santa Bárbara,Chihuahua
251,08,057,San Francisco de Borja,Chihuahua
252,08,045,Meoqui,Chihuahua
253,08,023,Galeana,Chihuahua
254,08,025,Gómez Farías,Chihuahua
255,08,042,Manuel Benavides,Chihuahua
256,08,005,Ascensión,Chihuahua
257,08,059,San Francisco del Oro,Chihuahua
258,08,037,Juárez,Chihuahua
259,08,040,Madera,Chihuahua
260,08,026,Gran Morelos,Chihuahua
261,08,039,López,Chihuahua
262,08,024,Santa Isabel,Chihuahua
263,08,006,Bachíniva,Chihuahua
264,08,018,Cusihuiriachi,Chihuahua
265,09,010,Álvaro Obregón,Ciudad de México
266,09,012,Tlalpan,Ciudad de México
267,09,015,Cuauhtémoc,Ciudad de México
268,09,017,Venustiano Carranza,Ciudad de México
269,09,011,Tláhuac,Ciudad de México
270,09,002,Azcapotzalco,Ciudad de México
271,09,003,Coyoacán,Ciudad de México
272,09,013,Xochimilco,Ciudad de México
273,09,004,Cuajimalpa de Morelos,Ciudad de México
274,09,016,Miguel Hidalgo,Ciudad de México
275,09,008,La Magdalena Contreras,Ciudad de México
276,09,007,Iztapalapa,Ciudad de México
277,09,006,Iztacalco,Ciudad de México
278,09,009,Milpa Alta,Ciudad de México
279,09,014,Benito Juárez,Ciudad de México
280,09,005,Gustavo A. Madero,Ciudad de México
281,10,018,El Oro,Durango
282,10,023,Pueblo Nuevo,Durango
283,10,037,Topia,Durango
284,10,009,Guanaceví,Durango
285,10,014,Mezquital,Durango
286,10,005,Durango,Durango
287,10,034,Tamazula,Durango
288,10,036,Tlahualilo,Durango
289,10,017,Ocampo,Durango
290,10,032,Santiago Papasquiaro,Durango
291,10,038,Vicente Guerrero,Durango
292,10,025,San Bernardo,Durango
293,10,010,Hidalgo,Durango
294,10,019,Otáez,Durango
295,10,006,General Simón Bolívar,Durango
296,10,026,San Dimas,Durango
297,10,033,Súchil,Durango
298,10,035,Tepehuanes,Durango
299,10,016,Nombre de Dios,Durango
300,10,020,Pánuco de Coronado,Durango
301,10,011,Indé,Durango
302,10,024,Rodeo,Durango
303,10,008,Guadalupe Victoria,Durango
304,10,013,Mapimí,Durango
305,10,012,Lerdo,Durango
306,10,031,Santa Clara,Durango
307,10,029,San Luis del Cordero,Durango
308,10,004,Cuencamé,Durango
309,10,021,Peñón Blanco,Durango
310,10,028,San Juan del Río,Durango
311,10,030,San Pedro del Gallo,Durango
312,10,015,Nazas,Durango
313,10,002,Canelas,Durango
314,10,007,Gómez Palacio,Durango
315,10,027,San Juan de Guadalupe,Durango
316,10,022,Poanas,Durango
317,10,039,Nuevo Ideal,Durango
318,10,001,Canatlán,Durango
319,10,003,Coneto de Comonfort,Durango
320,11,027,Salamanca,Guanajuato
321,11,031,San Francisco del Rincón,Guanajuato
322,11,040,Tierra Blanca,Guanajuato
323,11,014,Dolores Hidalgo Cuna de la Independencia Nacional,Guanajuato
324,11,011,Cortazar,Guanajuato
325,11,024,Pueblo Nuevo,Guanajuato
326,11,028,Salvatierra,Guanajuato
327,11,037,Silao de la Victoria,Guanajuato
328,11,016,Huanímaro,Guanajuato
329,11,023,Pénjamo,Guanajuato
330,11,002,Acámbaro,Guanajuato
331,11,035,Santa Cruz de Juventino Rosas,Guanajuato
332,11,034,Santa Catarina,Guanajuato
333,11,039,Tarimoro,Guanajuato
334,11,026,Romita,Guanajuato
335,11,041,Uriangato,Guanajuato
336,11,019,Jerécuaro,Guanajuato
337,11,045,Xichú,Guanajuato
338,11,005,Apaseo el Grande,Guanajuato
339,11,025,Purísima del Rincón,Guanajuato
340,11,006,Atarjea,Guanajuato
341,11,018,Jaral del Progreso,Guanajuato
342,11,009,Comonfort,Guanajuato
343,11,038,Tarandacuao,Guanajuato
344,11,036,Santiago Maravatío,Guanajuato
345,11,017,Irapuato,Guanajuato
346,11,020,León,Guanajuato
347,11,004,Apaseo el Alto,Guanajuato
348,11,030,San Felipe,Guanajuato
349,11,007,Celaya,Guanajuato
350,11,032,San José Iturbide,Guanajuato
351,11,012,Cuerámaro,Guanajuato
352,11,046,Yuriria,Guanajuato
353,11,022,Ocampo,Guanajuato
354,11,042,Valle de Santiago,Guanajuato
355,11,021,Moroleón,Guanajuato
356,11,008,Manuel Doblado,Guanajuato
357,11,013,Doctor Mora,Guanajuato
358,11,010,Coroneo,Guanajuato
359,11,033,San Luis de la Paz,Guanajuato
360,11,029,San Diego de la Unión,Guanajuato
361,11,044,Villagrán,Guanajuato
362,11,003,San Miguel de Allende,Guanajuato
363,11,043,Victoria,Guanajuato
364,11,001,Abasolo,Guanajuato
365,11,015,Guanajuato,Guanajuato
366,12,021,Coyuca de Benítez,Guerrero
367,12,058,Teloloapan,Guerrero
368,12,030,Florencio Villarreal,Guerrero
369,12,035,Iguala de la Independencia,Guerrero
370,12,015,Buenavista de Cuéllar,Guerrero
371,12,003,Ajuchitlán del Progreso,Guerrero
372,12,072,Zapotitlán Tablas,Guerrero
373,12,059,Tepecoacuilco de Trujano,Guerrero
374,12,022,Coyuca de Catalán,Guerrero
375,12,074,Zitlala,Guerrero
376,12,073,Zirándaro,Guerrero
377,12,040,Leonardo Bravo,Guerrero
378,12,076,Acatepec,Guerrero
379,12,066,Tlapa de Comonfort,Guerrero
380,12,047,Pedro Ascencio Alquisiras,Guerrero
381,12,052,San Luis Acatlán,Guerrero
382,12,017,Cocula,Guerrero
383,12,007,Arcelia,Guerrero
384,12,069,Xalpatláhuac,Guerrero
385,12,041,Malinaltepec,Guerrero
386,12,048,Petatlán,Guerrero
387,12,045,Olinalá,Guerrero
388,12,068,La Unión de Isidoro Montes de Oca,Guerrero
389,12,008,Atenango del Río,Guerrero
390,12,027,Cutzamala de Pinzón,Guerrero
391,12,002,Ahuacuotzingo,Guerrero
392,12,062,Tlacoachistlahuaca,Guerrero
393,12,019,Copalillo,Guerrero
394,12,071,Xochistlahuaca,Guerrero
395,12,043,Metlatónoc,Guerrero
396,12,054,San Miguel Totolapan,Guerrero
397,12,057,Técpan de Galeana,Guerrero
398,12,063,Tlacoapa,Guerrero
399,12,070,Xochihuehuetlán,Guerrero
400,12,028,Chilapa de Álvarez,Guerrero
401,12,005,Alpoyeca,Guerrero
402,12,080,Juchitán,Guerrero
403,12,067,Tlapehuala,Guerrero
404,12,024,Cualác,Guerrero
405,12,065,Tlalixtaquilla de Maldonado,Guerrero
406,12,033,Huamuxtitlán,Guerrero
407,12,012,Ayutla de los Libres,Guerrero
408,12,006,Apaxtla,Guerrero
409,12,004,Alcozauca de Guerrero,Guerrero
410,12,029,Chilpancingo de los Bravo,Guerrero
411,12,032,General Heliodoro Castillo,Guerrero
412,12,026,Cuetzala del Progreso,Guerrero
413,12,034,Huitzuco de los Figueroa,Guerrero
414,12,050,Pungarabato,Guerrero
415,12,075,Eduardo Neri,Guerrero
416,12,051,Quechultenango,Guerrero
417,12,064,Tlalchapa,Guerrero
418,12,009,Atlamajalcingo del Monte,Guerrero
419,12,016,Coahuayutla de José María Izazaga,Guerrero
420,12,010,Atlixtac,Guerrero
421,12,042,Mártir de Cuilapan,Guerrero
422,12,061,Tixtla de Guerrero,Guerrero
423,12,013,Azoyú,Guerrero
424,12,060,Tetipac,Guerrero
425,12,077,Marquelia,Guerrero
426,12,039,Juan R. Escudero,Guerrero
427,12,037,Ixcateopan de Cuauhtémoc,Guerrero
428,12,011,Atoyac de Álvarez,Guerrero
429,12,023,Cuajinicuilapa,Guerrero
430,12,020,Copanatoyac,Guerrero
431,12,036,Igualapa,Guerrero
432,12,081,Iliatenco,Guerrero
433,12,014,Benito Juárez,Guerrero
434,12,044,Mochitlán,Guerrero
435,12,031,General Canuto A. Neri,Guerrero
436,12,056,Tecoanapa,Guerrero
437,12,025,Cuautepec,Guerrero
438,12,078,Cochoapa el Grande,Guerrero
439,12,018,Copala,Guerrero
440,12,049,Pilcaya,Guerrero
441,12,079,José Joaquín de Herrera,Guerrero
442,12,046,Ometepec,Guerrero
443,12,053,San Marcos,Guerrero
444,12,055,Taxco de Alarcón,Guerrero
445,12,001,Acapulco de Juárez,Guerrero
446,12,038,Zihuatanejo de Azueta,Guerrero
447,13,083,Zempoala,Hidalgo
448,13,005,Ajacuba,Hidalgo
449,13,042,Molango de Escamilla,Hidalgo
450,13,012,Atotonilco el Grande,Hidalgo
451,13,073,Tlanchinol,Hidalgo
452,13,029,Huichapan,Hidalgo
453,13,036,San Agustín Metzquititlán,Hidalgo
454,13,003,Actopan,Hidalgo
455,13,058,Tasquillo,Hidalgo
456,13,077,Tulancingo de Bravo,Hidalgo
457,13,053,San Bartolo Tutotepec,Hidalgo
458,13,002,Acaxochitlán,Hidalgo
459,13,024,Huasca de Ocampo,Hidalgo
460,13,081,Zacualtipán de Ángeles,Hidalgo
461,13,006,Alfajayucan,Hidalgo
462,13,017,Chapantongo,Hidalgo
463,13,031,Jacala de Ledezma,Hidalgo
464,13,052,San Agustín Tlaxiaca,Hidalgo
465,13,060,Tenango de Doria,Hidalgo
466,13,068,Tianguistengo,Hidalgo
467,13,055,Santiago de Anaya,Hidalgo
468,13,076,Tula de Allende,Hidalgo
469,13,046,San Felipe Orizatlán,Hidalgo
470,13,084,Zimapán,Hidalgo
471,13,019,Chilcuautla,Hidalgo
472,13,040,La Misión,Hidalgo
473,13,043,Nicolás Flores,Hidalgo
474,13,063,Tepeji del Río de Ocampo,Hidalgo
475,13,008,Apan,Hidalgo
476,13,028,Huejutla de Reyes,Hidalgo
477,13,011,Atlapexco,Hidalgo
478,13,038,Mineral del Chico,Hidalgo
479,13,016,Cuautepec de Hinojosa,Hidalgo
480,13,027,Huehuetla,Hidalgo
481,13,059,Tecozautla,Hidalgo
482,13,020,Eloxochitlán,Hidalgo
483,13,030,Ixmiquilpan,Hidalgo
484,13,070,Tlahuelilpan,Hidalgo
485,13,044,Nopala de Villagrán,Hidalgo
486,13,047,Pacula,Hidalgo
487,13,015,Cardonal,Hidalgo
488,13,025,Huautla,Hidalgo
489,13,057,Singuilucan,Hidalgo
490,13,054,San Salvador,Hidalgo
491,13,079,Xochicoatlán,Hidalgo
492,13,037,Metztitlán,Hidalgo
493,13,069,Tizayuca,Hidalgo
494,13,062,Tepehuacán de Guerrero,Hidalgo
495,13,071,Tlahuiltepa,Hidalgo
496,13,065,Tetepango,Hidalgo
497,13,014,Calnali,Hidalgo
498,13,034,Lolotla,Hidalgo
499,13,007,Almoloya,Hidalgo
500,13,074,Tlaxcoapan,Hidalgo
501,13,033,Juárez Hidalgo,Hidalgo
502,13,001,Acatlán,Hidalgo
503,13,082,Zapotlán de Juárez,Hidalgo
504,13,049,Pisaflores,Hidalgo
505,13,004,Agua Blanca de Iturbide,Hidalgo
506,13,039,Mineral del Monte,Hidalgo
507,13,021,Emiliano Zapata,Hidalgo
508,13,018,Chapulhuacán,Hidalgo
509,13,032,Jaltocán,Hidalgo
510,13,064,Tepetitlán,Hidalgo
511,13,026,Huazalingo,Hidalgo
512,13,051,Mineral de la Reforma,Hidalgo
513,13,061,Tepeapulco,Hidalgo
514,13,075,Tolcayuca,Hidalgo
515,13,041,Mixquiahuala de Juárez,Hidalgo
516,13,045,Omitlán de Juárez,Hidalgo
517,13,056,Santiago Tulantepec de Lugo Guerrero,Hidalgo
518,13,080,Yahualica,Hidalgo
519,13,013,Atotonilco de Tula,Hidalgo
520,13,050,Progreso de Obregón,Hidalgo
521,13,022,Epazoyucan,Hidalgo
522,13,035,Metepec,Hidalgo
523,13,010,Atitalaquia,Hidalgo
524,13,009,El Arenal,Hidalgo
525,13,023,Francisco I. Madero,Hidalgo
526,13,048,Pachuca de Soto,Hidalgo
527,13,072,Tlanalapa,Hidalgo
528,13,067,Tezontepec de Aldama,Hidalgo
529,13,078,Xochiatipan,Hidalgo
530,13,066,Villa de Tezontepec,Hidalgo
531,14,065,Pihuamo,Jalisco
532,14,100,Tomatlán,Jalisco
533,14,038,Guachinango,Jalisco
534,14,078,San Miguel el Alto,Jalisco
535,14,024,Cocula,Jalisco
536,14,097,Tlajomulco de Zúñiga,Jalisco
537,14,108,Tuxpan,Jalisco
538,14,035,Encarnación de Díaz,Jalisco
539,14,034,Ejutla,Jalisco
540,14,036,Etzatlán,Jalisco
541,14,056,Santa María del Oro,Jalisco
542,14,066,Poncitlán,Jalisco
543,14,089,Techaluta de Montenegro,Jalisco
544,14,068,Villa Purificación,Jalisco
545,14,009,El Arenal,Jalisco
546,14,033,Degollado,Jalisco
547,14,094,Tequila,Jalisco
548,14,114,Villa Corona,Jalisco
549,14,093,Tepatitlán de Morelos,Jalisco
550,14,069,Quitupan,Jalisco
551,14,076,San Martín de Bolaños,Jalisco
552,14,049,Jilotlán de los Dolores,Jalisco
553,14,099,Tolimán,Jalisco
554,14,050,Jocotepec,Jalisco
555,14,012,Atenguillo,Jalisco
556,14,040,Hostotipaquillo,Jalisco
557,14,046,Jalostotitlán,Jalisco
558,14,001,Acatic,Jalisco
559,14,016,Ayotlán,Jalisco
560,14,048,Jesús María,Jalisco
561,14,086,Tapalpa,Jalisco
562,14,042,Huejuquilla el Alto,Jalisco
563,14,117,Cañadas de Obregón,Jalisco
564,14,083,Tala,Jalisco
565,14,109,Unión de San Antonio,Jalisco
566,14,060,Mexticacán,Jalisco
567,14,061,Mezquitic,Jalisco
568,14,080,San Sebastián del Oeste,Jalisco
569,14,015,Autlán de Navarro,Jalisco
570,14,111,Valle de Guadalupe,Jalisco
571,14,088,Tecolotlán,Jalisco
572,14,104,Totatiche,Jalisco
573,14,091,Teocaltiche,Jalisco
574,14,041,Huejúcar,Jalisco
575,14,075,San Marcos,Jalisco
576,14,077,San Martín Hidalgo,Jalisco
577,14,121,Zapotiltic,Jalisco
578,14,081,Santa María de los Ángeles,Jalisco
579,14,045,Ixtlahuacán del Río,Jalisco
580,14,055,Magdalena,Jalisco
581,14,122,Zapotitlán de Vadillo,Jalisco
582,14,025,Colotlán,Jalisco
583,14,053,Lagos de Moreno,Jalisco
584,14,102,Tonaya,Jalisco
585,14,028,Cuautla,Jalisco
586,14,030,Chapala,Jalisco
587,14,113,San Gabriel,Jalisco
588,14,031,Chimaltitán,Jalisco
589,14,079,Gómez Farías,Jalisco
590,14,112,Valle de Juárez,Jalisco
591,14,020,Cabo Corrientes,Jalisco
592,14,115,Villa Guerrero,Jalisco
593,14,090,Tenamaxtlán,Jalisco
594,14,006,Ameca,Jalisco
595,14,002,Acatlán de Juárez,Jalisco
596,14,054,El Limón,Jalisco
597,14,119,Zacoalco de Torres,Jalisco
598,14,106,Tuxcacuesco,Jalisco
599,14,047,Jamay,Jalisco
600,14,082,Sayula,Jalisco
601,14,008,Arandas,Jalisco
602,14,071,San Cristóbal de la Barranca,Jalisco
603,14,022,Cihuatlán,Jalisco
604,14,062,Mixtlán,Jalisco
605,14,123,Zapotlán del Rey,Jalisco
606,14,027,Cuautitlán de García Barragán,Jalisco
607,14,105,Tototlán,Jalisco
608,14,073,San Juan de los Lagos,Jalisco
609,14,021,Casimiro Castillo,Jalisco
610,14,087,Tecalitlán,Jalisco
611,14,017,Ayutla,Jalisco
612,14,029,Cuquío,Jalisco
613,14,064,Ojuelos de Jalisco,Jalisco
614,14,085,Tamazula de Gordiano,Jalisco
615,14,116,Villa Hidalgo,Jalisco
616,14,110,Unión de Tula,Jalisco
617,14,004,Amacueca,Jalisco
618,14,011,Atengo,Jalisco
619,14,013,Atotonilco el Alto,Jalisco
620,14,074,San Julián,Jalisco
621,14,019,Bolaños,Jalisco
622,14,084,Talpa de Allende,Jalisco
623,14,118,Yahualica de González Gallo,Jalisco
624,14,058,Mascota,Jalisco
625,14,037,El Grullo,Jalisco
626,14,044,Ixtlahuacán de los Membrillos,Jalisco
627,14,070,El Salto,Jalisco
628,14,051,Juanacatlán,Jalisco
629,14,125,San Ignacio Cerro Gordo,Jalisco
630,14,014,Atoyac,Jalisco
631,14,107,Tuxcueca,Jalisco
632,14,059,Mazamitla,Jalisco
633,14,063,Ocotlán,Jalisco
634,14,026,Concepción de Buenos Aires,Jalisco
635,14,023,Zapotlán el Grande,Jalisco
636,14,010,Atemajac de Brizuela,Jalisco
637,14,095,Teuchitlán,Jalisco
638,14,103,Tonila,Jalisco
639,14,018,La Barca,Jalisco
640,14,032,Chiquilistlán,Jalisco
641,14,005,Amatitán,Jalisco
642,14,092,Teocuitatlán de Corona,Jalisco
643,14,096,Tizapán el Alto,Jalisco
644,14,052,Juchitlán,Jalisco
645,14,003,Ahualulco de Mercado,Jalisco
646,14,007,San Juanito de Escobedo,Jalisco
647,14,057,La Manzanilla de la Paz,Jalisco
648,14,072,San Diego de Alejandría,Jalisco
649,14,124,Zapotlanejo,Jalisco
650,14,101,Tonalá,Jalisco
651,14,039,Guadalajara,Jalisco
652,14,098,San Pedro Tlaquepaque,Jalisco
653,14,120,Zapopan,Jalisco
654,14,067,Puerto Vallarta,Jalisco
655,14,043,La Huerta,Jalisco
656,16,084,Tangamandapio,Michoacán de Ocampo
657,16,075,Los Reyes,Michoacán de Ocampo
658,16,093,Tlalpujahua,Michoacán de Ocampo
659,16,095,Tocumbo,Michoacán de Ocampo
660,16,024,Cherán,Michoacán de Ocampo
661,16,078,Santa Ana Maya,Michoacán de Ocampo
662,16,071,Puruándiro,Michoacán de Ocampo
663,16,091,Tingüindín,Michoacán de Ocampo
664,16,039,Huiramba,Michoacán de Ocampo
665,16,014,Coahuayana,Michoacán de Ocampo
666,16,085,Tangancícuaro,Michoacán de Ocampo
667,16,016,Coeneo,Michoacán de Ocampo
668,16,042,Ixtlán,Michoacán de Ocampo
669,16,027,Chucándiro,Michoacán de Ocampo
670,16,094,Tlazazalca,Michoacán de Ocampo
671,16,013,Carácuaro,Michoacán de Ocampo
672,16,082,Tacámbaro,Michoacán de Ocampo
673,16,087,Taretan,Michoacán de Ocampo
674,16,106,Yurécuaro,Michoacán de Ocampo
675,16,111,Ziracuaretiro,Michoacán de Ocampo
676,16,096,Tumbiscatío,Michoacán de Ocampo
677,16,052,Lázaro Cárdenas,Michoacán de Ocampo
678,16,062,Pajacuarán,Michoacán de Ocampo
679,16,023,Chavinda,Michoacán de Ocampo
680,16,100,Tzintzuntzan,Michoacán de Ocampo
681,16,045,Jiquilpan,Michoacán de Ocampo
682,16,001,Acuitzio,Michoacán de Ocampo
683,16,056,Nahuatzen,Michoacán de Ocampo
684,16,010,Arteaga,Michoacán de Ocampo
685,16,081,Susupuato,Michoacán de Ocampo
686,16,020,Cuitzeo,Michoacán de Ocampo
687,16,089,Tepalcatepec,Michoacán de Ocampo
688,16,040,Indaparapeo,Michoacán de Ocampo
689,16,113,José Sixto Verduzco,Michoacán de Ocampo
690,16,038,Huetamo,Michoacán de Ocampo
691,16,105,Vista Hermosa,Michoacán de Ocampo
692,16,047,Jungapeo,Michoacán de Ocampo
693,16,101,Tzitzio,Michoacán de Ocampo
694,16,057,Nocupétaro,Michoacán de Ocampo
695,16,004,Angamacutiro,Michoacán de Ocampo
696,16,002,Aguililla,Michoacán de Ocampo
697,16,015,Coalcomán de Vázquez Pallares,Michoacán de Ocampo
698,16,017,Contepec,Michoacán de Ocampo
699,16,044,Jiménez,Michoacán de Ocampo
700,16,061,Ocampo,Michoacán de Ocampo
701,16,041,Irimbo,Michoacán de Ocampo
702,16,032,Erongarícuaro,Michoacán de Ocampo
703,16,021,Charapan,Michoacán de Ocampo
704,16,035,La Huacana,Michoacán de Ocampo
705,16,074,Cojumatlán de Régules,Michoacán de Ocampo
706,16,051,Marcos Castellanos,Michoacán de Ocampo
707,16,072,Queréndaro,Michoacán de Ocampo
708,16,099,Tuzantla,Michoacán de Ocampo
709,16,049,Madero,Michoacán de Ocampo
710,16,046,Juárez,Michoacán de Ocampo
711,16,109,Zináparo,Michoacán de Ocampo
712,16,079,Salvador Escalante,Michoacán de Ocampo
713,16,112,Zitácuaro,Michoacán de Ocampo
714,16,097,Turicato,Michoacán de Ocampo
715,16,063,Panindícuaro,Michoacán de Ocampo
716,16,012,Buenavista,Michoacán de Ocampo
717,16,036,Huandacareo,Michoacán de Ocampo
718,16,048,Lagunillas,Michoacán de Ocampo
719,16,018,Copándaro,Michoacán de Ocampo
720,16,003,Álvaro Obregón,Michoacán de Ocampo
721,16,034,Hidalgo,Michoacán de Ocampo
722,16,092,Tiquicheo de Nicolás Romero,Michoacán de Ocampo
723,16,068,Peribán,Michoacán de Ocampo
724,16,065,Paracho,Michoacán de Ocampo
725,16,054,Morelos,Michoacán de Ocampo
726,16,088,Tarímbaro,Michoacán de Ocampo
727,16,007,Aporo,Michoacán de Ocampo
728,16,005,Angangueo,Michoacán de Ocampo
729,16,076,Sahuayo,Michoacán de Ocampo
730,16,110,Zinapécuaro,Michoacán de Ocampo
731,16,080,Senguio,Michoacán de Ocampo
732,16,006,Apatzingán,Michoacán de Ocampo
733,16,104,Villamar,Michoacán de Ocampo
734,16,026,Chinicuila,Michoacán de Ocampo
735,16,055,Múgica,Michoacán de Ocampo
736,16,008,Aquila,Michoacán de Ocampo
737,16,107,Zacapu,Michoacán de Ocampo
738,16,067,Penjamillo,Michoacán de Ocampo
739,16,059,Nuevo Urecho,Michoacán de Ocampo
740,16,037,Huaniqueo,Michoacán de Ocampo
741,16,053,Morelia,Michoacán de Ocampo
742,16,060,Numarán,Michoacán de Ocampo
743,16,031,Epitacio Huerta,Michoacán de Ocampo
744,16,086,Tanhuato,Michoacán de Ocampo
745,16,043,Jacona,Michoacán de Ocampo
746,16,058,Nuevo Parangaricutiro,Michoacán de Ocampo
747,16,028,Churintzio,Michoacán de Ocampo
748,16,009,Ario,Michoacán de Ocampo
749,16,033,Gabriel Zamora,Michoacán de Ocampo
750,16,070,Purépero,Michoacán de Ocampo
751,16,011,Briseñas,Michoacán de Ocampo
752,16,103,Venustiano Carranza,Michoacán de Ocampo
753,16,098,Tuxpan,Michoacán de Ocampo
754,16,019,Cotija,Michoacán de Ocampo
755,16,022,Charo,Michoacán de Ocampo
756,16,025,Chilchota,Michoacán de Ocampo
757,16,066,Pátzcuaro,Michoacán de Ocampo
758,16,050,Maravatío,Michoacán de Ocampo
759,16,030,Ecuandureo,Michoacán de Ocampo
760,16,108,Zamora,Michoacán de Ocampo
761,16,077,San Lucas,Michoacán de Ocampo
762,16,102,Uruapan,Michoacán de Ocampo
763,16,069,La Piedad,Michoacán de Ocampo
764,16,073,Quiroga,Michoacán de Ocampo
765,16,064,Parácuaro,Michoacán de Ocampo
766,16,083,Tancítaro,Michoacán de Ocampo
767,16,029,Churumuco,Michoacán de Ocampo
768,16,090,Tingambato,Michoacán de Ocampo
769,17,005,Coatlán del Río,Morelos
770,17,006,Cuautla,Morelos
771,17,025,Tlaquiltenango,Morelos
772,17,030,Yecapixtla,Morelos
773,17,004,Ayala,Morelos
774,17,021,Tetecala,Morelos
775,17,028,Xochitepec,Morelos
776,17,002,Atlatlahucan,Morelos
777,17,020,Tepoztlán,Morelos
778,17,009,Huitzilac,Morelos
779,17,014,Mazatepec,Morelos
780,17,023,Tlalnepantla,Morelos
781,17,001,Amacuzac,Morelos
782,17,033,Temoac,Morelos
783,17,015,Miacatlán,Morelos
784,17,013,Jonacatepec de Leandro Valle,Morelos
785,17,026,Tlayacapan,Morelos
786,17,027,Totolapan,Morelos
787,17,032,Zacualpan de Amilpas,Morelos
788,17,019,Tepalcingo,Morelos
789,17,003,Axochiapan,Morelos
790,17,008,Emiliano Zapata,Morelos
791,17,007,Cuernavaca,Morelos
792,17,024,Tlaltizapán de Zapata,Morelos
793,17,012,Jojutla,Morelos
794,17,017,Puente de Ixtla,Morelos
795,17,010,Jantetelco,Morelos
796,17,011,Jiutepec,Morelos
797,17,016,Ocuituco,Morelos
798,17,022,Tetela del Volcán,Morelos
799,17,029,Yautepec,Morelos
800,17,018,Temixco,Morelos
801,17,031,Zacatepec,Morelos
802,18,019,La Yesca,Nayarit
803,18,010,Rosamorada,Nayarit
804,18,005,Huajicori,Nayarit
805,18,003,Amatlán de Cañas,Nayarit
806,18,002,Ahuacatlán,Nayarit
807,18,009,Del Nayar,Nayarit
808,18,014,Santa María del Oro,Nayarit
809,18,016,Tecuala,Nayarit
810,18,020,Bahía de Banderas,Nayarit
811,18,006,Ixtlán del Río,Nayarit
812,18,001,Acaponeta,Nayarit
813,18,008,Xalisco,Nayarit
814,18,013,San Pedro Lagunillas,Nayarit
815,18,018,Tuxpan,Nayarit
816,18,011,Ruíz,Nayarit
817,18,017,Tepic,Nayarit
818,18,007,Jala,Nayarit
819,18,012,San Blas,Nayarit
820,18,004,Compostela,Nayarit
821,18,015,Santiago Ixcuintla,Nayarit
822,19,038,Montemorelos,Nuevo León
823,19,011,Cerralvo,Nuevo León
824,19,032,Lampazos de Naranjo,Nuevo León
825,19,050,Vallecillo,Nuevo León
826,19,033,Linares,Nuevo León
827,19,015,Doctor Coss,Nuevo León
828,19,005,Anáhuac,Nuevo León
829,19,003,Los Aldamas,Nuevo León
830,19,030,Iturbide,Nuevo León
831,19,013,China,Nuevo León
832,19,016,Doctor González,Nuevo León
833,19,022,General Terán,Nuevo León
834,19,019,San Pedro Garza García,Nuevo León
835,19,021,General Escobedo,Nuevo León
836,19,039,Monterrey,Nuevo León
837,19,040,Parás,Nuevo León
838,19,035,Melchor Ocampo,Nuevo León
839,19,051,Villaldama,Nuevo León
840,19,042,Los Ramones,Nuevo León
841,19,018,García,Nuevo León
842,19,048,Santa Catarina,Nuevo León
843,19,029,Hualahuises,Nuevo León
844,19,024,General Zaragoza,Nuevo León
845,19,014,Doctor Arroyo,Nuevo León
846,19,025,General Zuazua,Nuevo León
847,19,041,Pesquería,Nuevo León
848,19,009,Cadereyta Jiménez,Nuevo León
849,19,034,Marín,Nuevo León
850,19,012,Ciénega de Flores,Nuevo León
851,19,037,Mina,Nuevo León
852,19,046,San Nicolás de los Garza,Nuevo León
853,19,044,Sabinas Hidalgo,Nuevo León
854,19,028,Higueras,Nuevo León
855,19,010,El Carmen,Nuevo León
856,19,001,Abasolo,Nuevo León
857,19,047,Hidalgo,Nuevo León
858,19,017,Galeana,Nuevo León
859,19,023,General Treviño,Nuevo León
860,19,008,Bustamante,Nuevo León
861,19,002,Agualeguas,Nuevo León
862,19,036,Mier y Noriega,Nuevo León
863,19,004,Allende,Nuevo León
864,19,031,Juárez,Nuevo León
865,19,007,Aramberri,Nuevo León
866,19,049,Santiago,Nuevo León
867,19,027,Los Herreras,Nuevo León
868,19,020,General Bravo,Nuevo León
869,19,043,Rayones,Nuevo León
870,19,006,Apodaca,Nuevo León
871,19,026,Guadalupe,Nuevo León
872,19,045,Salinas Victoria,Nuevo León
873,20,440,Santa María Totolapilla,Oaxaca
874,20,503,Santiago Zoochila,Oaxaca
875,20,341,San Pedro Yucunama,Oaxaca
876,20,540,Villa de Tamazulápam del Progreso,Oaxaca
877,20,356,Santa Ana del Valle,Oaxaca
878,20,521,Santo Domingo Tonaltepec,Oaxaca
879,20,504,Nuevo Zoquiápam,Oaxaca
880,20,244,San Martín Toxpalan,Oaxaca
881,20,535,San Vicente Lachixío,Oaxaca
882,20,151,San Francisco Teopan,Oaxaca
883,20,538,Sitio de Xitlapehua,Oaxaca
884,20,552,Tlacotepec Plumas,Oaxaca
885,20,152,San Francisco Tlapancingo,Oaxaca
886,20,302,San Pedro Atoyac,Oaxaca
887,20,468,Santiago Jocotepec,Oaxaca
888,20,051,Magdalena Teitipac,Oaxaca
889,20,370,Santa Catarina Tayata,Oaxaca
890,20,556,La Trinidad Vista Hermosa,Oaxaca
891,20,111,San Antonio Tepetlapa,Oaxaca
892,20,072,San José del Progreso,Oaxaca
893,20,364,Santa Catarina Juquila,Oaxaca
894,20,560,Villa Díaz Ordaz,Oaxaca
895,20,546,Teotitlán del Valle,Oaxaca
896,20,033,Guadalupe Etla,Oaxaca
897,20,139,San Francisco Chapulapa,Oaxaca
898,20,313,San Pedro Jocotipac,Oaxaca
899,20,203,San Juan Lachigalla,Oaxaca
900,20,087,San Agustín Yatareni,Oaxaca
901,20,260,San Miguel Aloápam,Oaxaca
902,20,428,Santa María Quiegolani,Oaxaca
903,20,221,San Juan Teposcolula,Oaxaca
904,20,287,San Miguel Tulancingo,Oaxaca
905,20,016,Coicoyán de las Flores,Oaxaca
906,20,323,San Pedro Ocotepec,Oaxaca
907,20,098,San Andrés Teotilálpam,Oaxaca
908,20,096,San Andrés Sinaxtla,Oaxaca
909,20,226,San Lorenzo Albarradas,Oaxaca
910,20,012,Candelaria Loxicha,Oaxaca
911,20,367,Santa Catarina Mechoacán,Oaxaca
912,20,186,San Juan Cieneguilla,Oaxaca
913,20,400,Santa María Camotlán,Oaxaca
914,20,220,San Juan Tepeuxila,Oaxaca
915,20,224,San Juan Yucuita,Oaxaca
916,20,516,Santo Domingo Teojomulco,Oaxaca
917,20,102,San Andrés Zautla,Oaxaca
918,20,232,San Lucas Ojitlán,Oaxaca
919,20,478,Santiago Nacaltepec,Oaxaca
920,20,192,San Juan Chilateca,Oaxaca
921,20,500,Santiago Yosondúa,Oaxaca
922,20,119,San Bartolomé Yucuañe,Oaxaca
923,20,207,San Juan Mazatlán,Oaxaca
924,20,095,San Andrés Paxtlán,Oaxaca
925,20,168,San José Estancia Grande,Oaxaca
926,20,185,San Juan Cacahuatepec,Oaxaca
927,20,318,San Pedro Mixtepec,Oaxaca
928,20,353,Santa Ana,Oaxaca
929,20,077,Reyes Etla,Oaxaca
930,20,518,Santo Domingo Tlatayápam,Oaxaca
931,20,055,Mariscala de Juárez,Oaxaca
932,20,067,Oaxaca de Juárez,Oaxaca
933,20,141,San Francisco del Mar,Oaxaca
934,20,462,Santiago Huajolotitlán,Oaxaca
935,20,405,Villa de Chilapa de Díaz,Oaxaca
936,20,053,Magdalena Tlacotepec,Oaxaca
937,20,466,Santiago Ixtayutla,Oaxaca
938,20,099,San Andrés Tepetlapa,Oaxaca
939,20,502,Santiago Zacatepec,Oaxaca
940,20,180,San Juan Bautista Lo de Soto,Oaxaca
941,20,380,Santa Cruz Papalutla,Oaxaca
942,20,074,Santa Catarina Quioquitani,Oaxaca
943,20,228,San Lorenzo Cuaunecuiltitla,Oaxaca
944,20,354,Santa Ana Ateixtlahuaca,Oaxaca
945,20,542,Taniche,Oaxaca
946,20,250,San Mateo Etlatongo,Oaxaca
947,20,519,Santo Domingo Tomaltepec,Oaxaca
948,20,443,Santa María Yavesía,Oaxaca
949,20,342,San Raymundo Jalpan,Oaxaca
950,20,239,San Martín Huamelúlpam,Oaxaca
951,20,297,San Pablo Tijaltepec,Oaxaca
952,20,491,Santiago Textitlán,Oaxaca
953,20,089,San Andrés Dinicuiti,Oaxaca
954,20,463,Santiago Huauclilla,Oaxaca
955,20,372,Santa Catarina Yosonotú,Oaxaca
956,20,527,Santos Reyes Pápalo,Oaxaca
957,20,432,Santa María Temaxcalapa,Oaxaca
958,20,157,San Jacinto Amilpas,Oaxaca
959,20,125,San Carlos Yautepec,Oaxaca
960,20,082,San Agustín Chayuco,Oaxaca
961,20,345,San Sebastián Ixcapa,Oaxaca
962,20,030,El Espinal,Oaxaca
963,20,045,Magdalena Apasco,Oaxaca
964,20,243,San Martín Tilcajete,Oaxaca
965,20,247,Capulálpam de Méndez,Oaxaca
966,20,019,Concepción Pápalo,Oaxaca
967,20,464,Santiago Ihuitlán Plumas,Oaxaca
968,20,086,San Agustín Tlacotepec,Oaxaca
969,20,312,San Pedro Jicayán,Oaxaca
970,20,049,Magdalena Ocotlán,Oaxaca
971,20,268,San Miguel Ejutla,Oaxaca
972,20,145,San Francisco Lachigoló,Oaxaca
973,20,118,San Bartolomé Quialana,Oaxaca
974,20,084,San Agustín Etla,Oaxaca
975,20,107,San Antonio de la Cal,Oaxaca
976,20,278,San Miguel Soyaltepec,Oaxaca
977,20,201,San Juan Juquila Vijanos,Oaxaca
978,20,402,Santa María Cortijo,Oaxaca
979,20,165,San José Ayuquila,Oaxaca
980,20,171,San José Tenango,Oaxaca
981,20,054,Magdalena Zahuatlán,Oaxaca
982,20,388,Santa Inés del Monte,Oaxaca
983,20,395,Santa María Apazco,Oaxaca
984,20,410,Santa María Ecatepec,Oaxaca
985,20,558,Valerio Trujano,Oaxaca
986,20,429,Santa María Sola,Oaxaca
987,20,530,Santo Tomás Jalieza,Oaxaca
988,20,362,Santa Catarina Cuixtla,Oaxaca
989,20,259,San Miguel Ahuehuetitlán,Oaxaca
990,20,407,Santa María Chimalapa,Oaxaca
991,20,209,San Juan Mixtepec,Oaxaca
992,20,452,Santiago Apóstol,Oaxaca
993,20,003,Asunción Cacalotepec,Oaxaca
994,20,475,Santiago Matatlán,Oaxaca
995,20,399,Santa María Atzompa,Oaxaca
996,20,196,San Juan Evangelista Analco,Oaxaca
997,20,427,Santa María Petapa,Oaxaca
998,20,059,Miahuatlán de Porfirio Díaz,Oaxaca
999,20,499,Santiago Yolomécatl,Oaxaca
1000,20,343,San Sebastián Abasolo,Oaxaca
1001,20,328,San Pedro Taviche,Oaxaca
1002,20,474,Santiago Llano Grande,Oaxaca
1003,20,389,Santa Inés Yatzeche,Oaxaca
1004,20,069,La Pe,Oaxaca
1005,20,100,San Andrés Yaá,Oaxaca
1006,20,360,Santa Ana Zegache,Oaxaca
1007,20,358,Santa Ana Tlapacoyan,Oaxaca
1008,20,486,Villa Tejúpam de la Unión,Oaxaca
1009,20,007,Asunción Ocotlán,Oaxaca
1010,20,002,Acatlán de Pérez Figueroa,Oaxaca
1011,20,112,San Baltazar Chichicápam,Oaxaca
1012,20,506,Santo Domingo Albarradas,Oaxaca
1013,20,191,San Juan Chicomezúchil,Oaxaca
1014,20,222,San Juan Yaeé,Oaxaca
1015,20,219,San Juan Teitipac,Oaxaca
1016,20,131,San Dionisio Ocotepec,Oaxaca
1017,20,047,Santa Magdalena Jicotlán,Oaxaca
1018,20,035,Guelatao de Juárez,Oaxaca
1019,20,052,Magdalena Tequisistlán,Oaxaca
1020,20,382,Santa Cruz Tacahua,Oaxaca
1021,20,271,San Miguel Mixtepec,Oaxaca
1022,20,143,San Francisco Ixhuatán,Oaxaca
1023,20,272,San Miguel Panixtlahuaca,Oaxaca
1024,20,169,San José Independencia,Oaxaca
1025,20,315,San Pedro Mártir,Oaxaca
1026,20,375,Santa Cruz Amilpas,Oaxaca
1027,20,290,San Nicolás Hidalgo,Oaxaca
1028,20,564,Yutanduchi de Guerrero,Oaxaca
1029,20,371,Santa Catarina Ticuá,Oaxaca
1030,20,090,San Andrés Huaxpaltepec,Oaxaca
1031,20,553,Tlalixtac de Cabrera,Oaxaca
1032,20,492,Santiago Tilantongo,Oaxaca
1033,20,216,San Juan Tabaá,Oaxaca
1034,20,218,San Juan Teita,Oaxaca
1035,20,451,Santiago Apoala,Oaxaca
1036,20,283,San Miguel Tequixtepec,Oaxaca
1037,20,075,Reforma de Pineda,Oaxaca
1038,20,381,Santa Cruz Tacache de Mina,Oaxaca
1039,20,298,San Pablo Villa de Mitla,Oaxaca
1040,20,284,San Miguel Tilquiápam,Oaxaca
1041,20,230,San Lorenzo Victoria,Oaxaca
1042,20,393,Santa Lucía Ocotlán,Oaxaca
1043,20,056,Mártires de Tacubaya,Oaxaca
1044,20,436,Santa María Texcatitlán,Oaxaca
1045,20,349,San Sebastián Teitipac,Oaxaca
1046,20,146,San Francisco Logueche,Oaxaca
1047,20,094,San Andrés Nuxiño,Oaxaca
1048,20,505,Santo Domingo Ingenio,Oaxaca
1049,20,264,San Miguel Chicahua,Oaxaca
1050,20,316,San Pedro Mártir Quiechapa,Oaxaca
1051,20,245,San Martín Zacatepec,Oaxaca
1052,20,555,Trinidad Zaachila,Oaxaca
1053,20,488,Santiago Tepetlapa,Oaxaca
1054,20,103,San Antonino Castillo Velasco,Oaxaca
1055,20,433,Santa María Temaxcaltepec,Oaxaca
1056,20,507,Santo Domingo Armenta,Oaxaca
1057,20,109,San Antonio Nanahuatípam,Oaxaca
1058,20,276,San Miguel Santa Flor,Oaxaca
1059,20,340,San Pedro y San Pablo Tequixtepec,Oaxaca
1060,20,274,San Miguel Piedras,Oaxaca
1061,20,127,San Cristóbal Amoltepec,Oaxaca
1062,20,435,Santa María Tepantlali,Oaxaca
1063,20,093,San Andrés Lagunas,Oaxaca
1064,20,501,Santiago Yucuyachi,Oaxaca
1065,20,070,Pinotepa de Don Luis,Oaxaca
1066,20,014,Ciudad Ixtepec,Oaxaca
1067,20,420,Santa María Lachixío,Oaxaca
1068,20,344,San Sebastián Coatlán,Oaxaca
1069,20,523,Santo Domingo Yanhuitlán,Oaxaca
1070,20,409,Santa María del Tule,Oaxaca
1071,20,373,Santa Catarina Zapoquila,Oaxaca
1072,20,195,San Juan Diuxi,Oaxaca
1073,20,040,Huautepec,Oaxaca
1074,20,091,San Andrés Huayápam,Oaxaca
1075,20,346,San Sebastián Nicananduta,Oaxaca
1076,20,289,San Nicolás,Oaxaca
1077,20,133,San Esteban Atatlahuca,Oaxaca
1078,20,569,Santa Inés de Zaragoza,Oaxaca
1079,20,190,San Juan Cotzocón,Oaxaca
1080,20,565,Villa de Zaachila,Oaxaca
1081,20,368,Santa Catarina Minas,Oaxaca
1082,20,148,San Francisco Ozolotepec,Oaxaca
1083,20,081,San Agustín Atenango,Oaxaca
1084,20,138,San Francisco Cajonos,Oaxaca
1085,20,422,Santa María Nativitas,Oaxaca
1086,20,028,Heroica Ciudad de Ejutla de Crespo,Oaxaca
1087,20,310,San Pedro Ixtlahuaca,Oaxaca
1088,20,179,San Juan Bautista Jayacatlán,Oaxaca
1089,20,421,Santa María Mixtequilla,Oaxaca
1090,20,162,San Jerónimo Taviche,Oaxaca
1091,20,547,Teotongo,Oaxaca
1092,20,181,San Juan Bautista Suchitepec,Oaxaca
1093,20,076,La Reforma,Oaxaca
1094,20,493,Santiago Tillo,Oaxaca
1095,20,510,Santo Domingo Ixcatlán,Oaxaca
1096,20,352,San Simón Zahuatlán,Oaxaca
1097,20,406,Santa María Chilchotla,Oaxaca
1098,20,176,San Juan Bautista Coixtlahuaca,Oaxaca
1099,20,387,Santa Gertrudis,Oaxaca
1100,20,454,Santiago Atitlán,Oaxaca
1101,20,105,San Antonino Monte Verde,Oaxaca
1102,20,281,San Miguel Tecomatlán,Oaxaca
1103,20,403,Santa María Coyotepec,Oaxaca
1104,20,101,San Andrés Zabache,Oaxaca
1105,20,246,San Mateo Cajonos,Oaxaca
1106,20,129,San Cristóbal Suchixtlahuaca,Oaxaca
1107,20,248,San Mateo del Mar,Oaxaca
1108,20,301,San Pedro Apóstol,Oaxaca
1109,20,319,San Pedro Mixtepec,Oaxaca
1110,20,430,Santa María Tataltepec,Oaxaca
1111,20,557,Unión Hidalgo,Oaxaca
1112,20,229,San Lorenzo Texmelúcan,Oaxaca
1113,20,522,Santo Domingo Xagacía,Oaxaca
1114,20,335,San Pedro Yaneri,Oaxaca
1115,20,197,San Juan Guelavía,Oaxaca
1116,20,562,Magdalena Yodocono de Porfirio Díaz,Oaxaca
1117,20,533,Santo Tomás Tamazulapan,Oaxaca
1118,20,322,San Pedro Ocopetatillo,Oaxaca
1119,20,496,Santiago Xiacuí,Oaxaca
1120,20,215,San Juan Sayultepec,Oaxaca
1121,20,234,San Lucas Zoquiápam,Oaxaca
1122,20,135,San Felipe Tejalápam,Oaxaca
1123,20,240,San Martín Itunyoso,Oaxaca
1124,20,147,San Francisco Nuxaño,Oaxaca
1125,20,338,Villa de Etla,Oaxaca
1126,20,484,Santiago Tamazola,Oaxaca
1127,20,295,San Pablo Huixtepec,Oaxaca
1128,20,065,Ixpantepec Nieves,Oaxaca
1129,20,241,San Martín Lachilá,Oaxaca
1130,20,412,Santa María Guienagati,Oaxaca
1131,20,450,Santiago Amoltepec,Oaxaca
1132,20,048,Magdalena Mixtepec,Oaxaca
1133,20,142,San Francisco Huehuetlán,Oaxaca
1134,20,444,Santa María Yolotepec,Oaxaca
1135,20,001,Abejones,Oaxaca
1136,20,536,San Vicente Nuñú,Oaxaca
1137,20,476,Santiago Miltepec,Oaxaca
1138,20,425,Santa María Pápalo,Oaxaca
1139,20,563,Yogana,Oaxaca
1140,20,034,Guadalupe de Ramírez,Oaxaca
1141,20,294,San Pablo Huitzo,Oaxaca
1142,20,365,Santa Catarina Lachatao,Oaxaca
1143,20,374,Santa Cruz Acatepec,Oaxaca
1144,20,332,San Pedro Topiltepec,Oaxaca
1145,20,333,San Pedro Totolápam,Oaxaca
1146,20,204,San Juan Lajarcia,Oaxaca
1147,20,308,San Pedro Huilotepec,Oaxaca
1148,20,456,Santiago Cacaloxtepec,Oaxaca
1149,20,106,San Antonio Acutla,Oaxaca
1150,20,120,San Bartolomé Zoogocho,Oaxaca
1151,20,419,Santa María Jaltianguis,Oaxaca
1152,20,061,Monjas,Oaxaca
1153,20,078,Rojas de Cuauhtémoc,Oaxaca
1154,20,029,Eloxochitlán de Flores Magón,Oaxaca
1155,20,022,Cosoltepec,Oaxaca
1156,20,184,San Juan Bautista Tuxtepec,Oaxaca
1157,20,449,Santa María Zoquitlán,Oaxaca
1158,20,305,San Pedro Comitancillo,Oaxaca
1159,20,299,San Pablo Yaganiza,Oaxaca
1160,20,534,San Vicente Coatlán,Oaxaca
1161,20,011,Calihualá,Oaxaca
1162,20,498,Santiago Yaveo,Oaxaca
1163,20,355,Santa Ana Cuauhtémoc,Oaxaca
1164,20,321,San Pedro Nopala,Oaxaca
1165,20,424,Santa María Ozolotepec,Oaxaca
1166,20,288,San Miguel Yotao,Oaxaca
1167,20,266,San Miguel del Puerto,Oaxaca
1168,20,524,Santo Domingo Yodohino,Oaxaca
1169,20,262,San Miguel Amatlán,Oaxaca
1170,20,347,San Sebastián Río Hondo,Oaxaca
1171,20,256,San Mateo Tlapiltepec,Oaxaca
1172,20,172,San Juan Achiutla,Oaxaca
1173,20,480,Santiago Nundiche,Oaxaca
1174,20,339,San Pedro y San Pablo Teposcolula,Oaxaca
1175,20,554,Totontepec Villa de Morelos,Oaxaca
1176,20,104,San Antonino el Alto,Oaxaca
1177,20,529,Santos Reyes Yucuná,Oaxaca
1178,20,200,San Juan Juquila Mixes,Oaxaca
1179,20,465,Santiago Ixcuintepec,Oaxaca
1180,20,225,San Lorenzo,Oaxaca
1181,20,210,San Juan Ñumí,Oaxaca
1182,20,063,Nazareno Etla,Oaxaca
1183,20,126,San Cristóbal Amatlán,Oaxaca
1184,20,080,San Agustín Amatengo,Oaxaca
1185,20,307,San Pedro Huamelula,Oaxaca
1186,20,446,Santa María Yucuhiti,Oaxaca
1187,20,512,Santo Domingo Ozolotepec,Oaxaca
1188,20,497,Santiago Yaitepec,Oaxaca
1189,20,568,Zapotitlán Palmas,Oaxaca
1190,20,008,Asunción Tlacolulita,Oaxaca
1191,20,303,San Pedro Cajonos,Oaxaca
1192,20,397,Heroica Ciudad de Tlaxiaco,Oaxaca
1193,20,418,Santa María Jalapa del Marqués,Oaxaca
1194,20,177,San Juan Bautista Cuicatlán,Oaxaca
1195,20,128,San Cristóbal Lachirioag,Oaxaca
1196,20,494,Santiago Tlazoyaltepec,Oaxaca
1197,20,116,San Bartolomé Ayautla,Oaxaca
1198,20,079,Salina Cruz,Oaxaca
1199,20,357,Santa Ana Tavela,Oaxaca
1200,20,251,San Mateo Nejápam,Oaxaca
1201,20,378,Santa Cruz Mixtepec,Oaxaca
1202,20,379,Santa Cruz Nundaco,Oaxaca
1203,20,263,San Miguel Coatlán,Oaxaca
1204,20,320,San Pedro Molinos,Oaxaca
1205,20,257,San Melchor Betaza,Oaxaca
1206,20,132,San Dionisio Ocotlán,Oaxaca
1207,20,238,San Martín de los Cansecos,Oaxaca
1208,20,174,Ánimas Trujano,Oaxaca
1209,20,314,San Pedro Juchatengo,Oaxaca
1210,20,391,Santa Lucía Miahuatlán,Oaxaca
1211,20,258,San Miguel Achiutla,Oaxaca
1212,20,520,Santo Domingo Tonalá,Oaxaca
1213,20,122,San Bartolo Yautepec,Oaxaca
1214,20,167,San José del Peñasco,Oaxaca
1215,20,377,Santa Cruz Itundujia,Oaxaca
1216,20,212,San Juan Petlapa,Oaxaca
1217,20,490,Santiago Texcalcingo,Oaxaca
1218,20,023,Cuilápam de Guerrero,Oaxaca
1219,20,396,Santa María la Asunción,Oaxaca
1220,20,326,San Pedro Sochiápam,Oaxaca
1221,20,242,San Martín Peras,Oaxaca
1222,20,269,San Miguel el Grande,Oaxaca
1223,20,158,San Jacinto Tlacotepec,Oaxaca
1224,20,473,Santiago Laxopa,Oaxaca
1225,20,270,San Miguel Huautla,Oaxaca
1226,20,182,San Juan Bautista Tlacoatzintepec,Oaxaca
1227,20,293,San Pablo Etla,Oaxaca
1228,20,376,Santa Cruz de Bravo,Oaxaca
1229,20,408,Santa María del Rosario,Oaxaca
1230,20,434,Santa María Teopoxco,Oaxaca
1231,20,461,Santiago del Río,Oaxaca
1232,20,304,San Pedro Coxcaltepec Cántaros,Oaxaca
1233,20,261,San Miguel Amatitlán,Oaxaca
1234,20,348,San Sebastián Tecomaxtlahuaca,Oaxaca
1235,20,532,Santo Tomás Ocotepec,Oaxaca
1236,20,149,San Francisco Sola,Oaxaca
1237,20,309,San Pedro Ixcatlán,Oaxaca
1238,20,531,Santo Tomás Mazaltepec,Oaxaca
1239,20,024,Cuyamecalco Villa de Zaragoza,Oaxaca
1240,20,459,Santiago Chazumba,Oaxaca
1241,20,285,San Miguel Tlacamama,Oaxaca
1242,20,359,Santa Ana Yareni,Oaxaca
1243,20,438,Santa María Tlalixtac,Oaxaca
1244,20,479,Santiago Nejapilla,Oaxaca
1245,20,206,San Juan de los Cués,Oaxaca
1246,20,110,San Antonio Sinicahua,Oaxaca
1247,20,472,Santiago Laollaga,Oaxaca
1248,20,509,Santo Domingo de Morelos,Oaxaca
1249,20,311,San Pedro Jaltepetongo,Oaxaca
1250,20,286,San Miguel Tlacotepec,Oaxaca
1251,20,331,San Pedro Tidaá,Oaxaca
1252,20,025,Chahuites,Oaxaca
1253,20,253,San Mateo Piñas,Oaxaca
1254,20,154,San Ildefonso Amatlán,Oaxaca
1255,20,032,Fresnillo de Trujano,Oaxaca
1256,20,010,El Barrio de la Soledad,Oaxaca
1257,20,113,San Baltazar Loxicha,Oaxaca
1258,20,548,Tepelmeme Villa de Morelos,Oaxaca
1259,20,214,San Juan Quiotepec,Oaxaca
1260,20,060,Mixistlán de la Reforma,Oaxaca
1261,20,457,Santiago Camotlán,Oaxaca
1262,20,417,Santa María Jacatepec,Oaxaca
1263,20,156,San Ildefonso Villa Alta,Oaxaca
1264,20,189,San Juan Comaltepec,Oaxaca
1265,20,477,Santiago Minas,Oaxaca
1266,20,208,San Juan Mixtepec,Oaxaca
1267,20,108,San Antonio Huitepec,Oaxaca
1268,20,114,San Baltazar Yatzachi el Bajo,Oaxaca
1269,20,083,San Agustín de las Juntas,Oaxaca
1270,20,085,San Agustín Loxicha,Oaxaca
1271,20,306,San Pedro el Alto,Oaxaca
1272,20,237,San Marcos Arteaga,Oaxaca
1273,20,363,Santa Catarina Ixtepeji,Oaxaca
1274,20,071,Pluma Hidalgo,Oaxaca
1275,20,123,San Bernardo Mixtepec,Oaxaca
1276,20,455,Santiago Ayuquililla,Oaxaca
1277,20,282,San Miguel Tenango,Oaxaca
1278,20,187,San Juan Coatzóspam,Oaxaca
1279,20,426,Santa María Peñoles,Oaxaca
1280,20,566,San Mateo Yucutindoo,Oaxaca
1281,20,043,Heroica Ciudad de Juchitán de Zaragoza,Oaxaca
1282,20,255,San Mateo Sindihui,Oaxaca
1283,20,015,Coatecas Altas,Oaxaca
1284,20,164,San Jorge Nuchita,Oaxaca
1285,20,296,San Pablo Macuiltianguis,Oaxaca
1286,20,160,San Jerónimo Silacayoapilla,Oaxaca
1287,20,448,Santa María Zaniza,Oaxaca
1288,20,330,San Pedro Teutila,Oaxaca
1289,20,337,San Pedro y San Pablo Ayutla,Oaxaca
1290,20,545,Teotitlán de Flores Magón,Oaxaca
1291,20,050,Magdalena Peñasco,Oaxaca
1292,20,541,Tanetze de Zaragoza,Oaxaca
1293,20,249,San Mateo Yoloxochitlán,Oaxaca
1294,20,487,Santiago Tenango,Oaxaca
1295,20,445,Santa María Yosoyúa,Oaxaca
1296,20,267,San Miguel del Río,Oaxaca
1297,20,514,Santo Domingo Roayaga,Oaxaca
1298,20,561,Yaxe,Oaxaca
1299,20,277,Villa Sola de Vega,Oaxaca
1300,20,173,San Juan Atepec,Oaxaca
1301,20,291,San Pablo Coatlán,Oaxaca
1302,20,517,Santo Domingo Tepuxtepec,Oaxaca
1303,20,233,San Lucas Quiaviní,Oaxaca
1304,20,317,San Pedro Mártir Yucuxaco,Oaxaca
1305,20,140,San Francisco Chindúa,Oaxaca
1306,20,130,San Dionisio del Mar,Oaxaca
1307,20,013,Ciénega de Zimatlán,Oaxaca
1308,20,559,San Juan Bautista Valle Nacional,Oaxaca
1309,20,543,Tataltepec de Valdés,Oaxaca
1310,20,386,Santa Cruz Zenzontepec,Oaxaca
1311,20,041,Huautla de Jiménez,Oaxaca
1312,20,066,Santiago Niltepec,Oaxaca
1313,20,027,Chiquihuitlán de Benito Juárez,Oaxaca
1314,20,361,Santa Catalina Quierí,Oaxaca
1315,20,513,Santo Domingo Petapa,Oaxaca
1316,20,325,San Pedro Quiatoni,Oaxaca
1317,20,351,San Simón Almolongas,Oaxaca
1318,20,544,Teococuilco de Marcos Pérez,Oaxaca
1319,20,038,Villa Hidalgo,Oaxaca
1320,20,280,Villa Talea de Castro,Oaxaca
1321,20,292,San Pablo Cuatro Venados,Oaxaca
1322,20,366,Santa Catarina Loxicha,Oaxaca
1323,20,431,Santa María Tecomavaca,Oaxaca
1324,20,508,Santo Domingo Chihuitán,Oaxaca
1325,20,336,San Pedro Yólox,Oaxaca
1326,20,525,Santo Domingo Zanatepec,Oaxaca
1327,20,481,Santiago Nuyoó,Oaxaca
1328,20,567,Zapotitlán Lagunas,Oaxaca
1329,20,166,San José Chiltepec,Oaxaca
1330,20,161,San Jerónimo Sosola,Oaxaca
1331,20,009,Ayotzintepec,Oaxaca
1332,20,153,San Gabriel Mixtepec,Oaxaca
1333,20,550,San Jerónimo Tlacochahuaya,Oaxaca
1334,20,155,San Ildefonso Sola,Oaxaca
1335,20,447,Santa María Zacatepec,Oaxaca
1336,20,404,Santa María Chachoápam,Oaxaca
1337,20,437,Santa María Tlahuitoltepec,Oaxaca
1338,20,273,San Miguel Peras,Oaxaca
1339,20,300,San Pedro Amuzgos,Oaxaca
1340,20,485,Santiago Tapextla,Oaxaca
1341,20,136,San Felipe Usila,Oaxaca
1342,20,121,San Bartolo Soyaltepec,Oaxaca
1343,20,394,Santa María Alotepec,Oaxaca
1344,20,137,San Francisco Cahuacuá,Oaxaca
1345,20,163,San Jerónimo Tecóatl,Oaxaca
1346,20,279,San Miguel Suchixtepec,Oaxaca
1347,20,252,San Mateo Peñasco,Oaxaca
1348,20,511,Santo Domingo Nuxaá,Oaxaca
1349,20,439,Santa María Tonameca,Oaxaca
1350,20,026,Chalcatongo de Hidalgo,Oaxaca
1351,20,170,San José Lachiguiri,Oaxaca
1352,20,458,Santiago Comaltepec,Oaxaca
1353,20,194,San Juan del Río,Oaxaca
1354,20,188,San Juan Colorado,Oaxaca
1355,20,549,"Heroica Villa Tezoatlán de Segura y Luna, Cuna de la Independencia de Oaxaca",Oaxaca
1356,20,175,San Juan Bautista Atatlahuca,Oaxaca
1357,20,202,San Juan Lachao,Oaxaca
1358,20,236,San Marcial Ozolotepec,Oaxaca
1359,20,213,San Juan Quiahije,Oaxaca
1360,20,401,Santa María Colotepec,Oaxaca
1361,20,416,Santa María Ixcatlán,Oaxaca
1362,20,217,San Juan Tamazola,Oaxaca
1363,20,275,San Miguel Quetzaltepec,Oaxaca
1364,20,223,San Juan Yatzona,Oaxaca
1365,20,046,Magdalena Jaltepec,Oaxaca
1366,20,005,Asunción Ixtaltepec,Oaxaca
1367,20,398,Ayoquezco de Aldama,Oaxaca
1368,20,441,Santa María Xadani,Oaxaca
1369,20,088,San Andrés Cabecera Nueva,Oaxaca
1370,20,097,San Andrés Solaga,Oaxaca
1371,20,415,Santa María Ipalapa,Oaxaca
1372,20,329,San Pedro Teozacoalco,Oaxaca
1373,20,017,La Compañía,Oaxaca
1374,20,124,San Blas Atempa,Oaxaca
1375,20,117,San Bartolomé Loxicha,Oaxaca
1376,20,385,Santa Cruz Xoxocotlán,Oaxaca
1377,20,265,San Miguel Chimalapa,Oaxaca
1378,20,235,San Luis Amatlán,Oaxaca
1379,20,414,Santa María Huazolotitlán,Oaxaca
1380,20,539,Soledad Etla,Oaxaca
1381,20,392,Santa Lucía Monteverde,Oaxaca
1382,20,134,San Felipe Jalapa de Díaz,Oaxaca
1383,20,411,Santa María Guelacé,Oaxaca
1384,20,004,Asunción Cuyotepeji,Oaxaca
1385,20,037,Mesones Hidalgo,Oaxaca
1386,20,231,San Lucas Camotlán,Oaxaca
1387,20,471,Santiago Lalopa,Oaxaca
1388,20,383,Santa Cruz Tayata,Oaxaca
1389,20,384,Santa Cruz Xitla,Oaxaca
1390,20,150,San Francisco Telixtlahuaca,Oaxaca
1391,20,199,San Juan Ihualtepec,Oaxaca
1392,20,442,Santa María Yalina,Oaxaca
1393,20,092,San Andrés Ixtlahuaca,Oaxaca
1394,20,178,San Juan Bautista Guelache,Oaxaca
1395,20,369,Santa Catarina Quiané,Oaxaca
1396,20,144,San Francisco Jaltepetongo,Oaxaca
1397,20,423,Santa María Nduayaco,Oaxaca
1398,20,031,Tamazulápam del Espíritu Santo,Oaxaca
1399,20,489,Santiago Tetepec,Oaxaca
1400,20,482,Santiago Pinotepa Nacional,Oaxaca
1401,20,469,Santiago Juxtlahuaca,Oaxaca
1402,20,526,Santos Reyes Nopala,Oaxaca
1403,20,018,Concepción Buenavista,Oaxaca
1404,20,058,Mazatlán Villa de Flores,Oaxaca
1405,20,324,San Pedro Pochutla,Oaxaca
1406,20,495,Santiago Xanica,Oaxaca
1407,20,254,San Mateo Río Hondo,Oaxaca
1408,20,068,Ocotlán de Morelos,Oaxaca
1409,20,467,Santiago Jamiltepec,Oaxaca
1410,20,159,San Jerónimo Coatlán,Oaxaca
1411,20,021,Cosolapa,Oaxaca
1412,20,483,Santiago Suchilquitongo,Oaxaca
1413,20,062,Natividad,Oaxaca
1414,20,193,San Juan del Estado,Oaxaca
1415,20,528,Santos Reyes Tepejillo,Oaxaca
1416,20,198,San Juan Guichicovi,Oaxaca
1417,20,537,Silacayoápam,Oaxaca
1418,20,551,Tlacolula de Matamoros,Oaxaca
1419,20,057,Matías Romero Avendaño,Oaxaca
1420,20,115,San Bartolo Coyotepec,Oaxaca
1421,20,413,Santa María Huatulco,Oaxaca
1422,20,570,Zimatlán de Álvarez,Oaxaca
1423,20,205,San Juan Lalana,Oaxaca
1424,20,042,Ixtlán de Juárez,Oaxaca
1425,20,044,Loma Bonita,Oaxaca
1426,20,334,Villa de Tututepec,Oaxaca
1427,20,064,Nejapa de Madero,Oaxaca
1428,20,390,Santa Lucía del Camino,Oaxaca
1429,20,327,San Pedro Tapanatepec,Oaxaca
1430,20,470,Santiago Lachiguiri,Oaxaca
1431,20,039,Heroica Ciudad de Huajuapan de León,Oaxaca
1432,20,036,Guevea de Humboldt,Oaxaca
1433,20,211,San Juan Ozolotepec,Oaxaca
1434,20,183,San Juan Bautista Tlachichilco,Oaxaca
1435,20,006,Asunción Nochixtlán,Oaxaca
1436,20,020,Constancia del Rosario,Oaxaca
1437,20,350,San Sebastián Tutla,Oaxaca
1438,20,453,Santiago Astata,Oaxaca
1439,20,460,Santiago Choápam,Oaxaca
1440,20,073,Putla Villa de Guerrero,Oaxaca
1441,20,515,Santo Domingo Tehuantepec,Oaxaca
1442,20,227,San Lorenzo Cacaotepec,Oaxaca
1443,21,126,San Jerónimo Tecuanipan,Puebla
1444,21,154,Tecamachalco,Puebla
1445,21,189,Tochtepec,Puebla
1446,21,035,Coxcatlán,Puebla
1447,21,191,Tulcingo,Puebla
1448,21,117,Rafael Lara Grajales,Puebla
1449,21,102,Nealtican,Puebla
1450,21,173,Teteles de Avila Castillo,Puebla
1451,21,120,San Antonio Cañada,Puebla
1452,21,119,San Andrés Cholula,Puebla
1453,21,137,San Nicolás Buenos Aires,Puebla
1454,21,109,Pahuatlán,Puebla
1455,21,207,Zacapoaxtla,Puebla
1456,21,062,Epatlán,Puebla
1457,21,185,Tlapanalá,Puebla
1458,21,082,Ixcaquixtla,Puebla
1459,21,083,Ixtacamaxtitlán,Puebla
1460,21,132,San Martín Texmelucan,Puebla
1461,21,215,Zongozotla,Puebla
1462,21,026,Calpan,Puebla
1463,21,205,Yehualtepec,Puebla
1464,21,200,Xochiapulco,Puebla
1465,21,176,Tilapa,Puebla
1466,21,060,Domingo Arenas,Puebla
1467,21,118,Los Reyes de Juárez,Puebla
1468,21,167,Tepetzintla,Puebla
1469,21,203,Xochitlán Todos Santos,Puebla
1470,21,017,Atempan,Puebla
1471,21,054,Chignautla,Puebla
1472,21,177,Tlacotepec de Benito Juárez,Puebla
1473,21,163,Tepatlaxco de Hidalgo,Puebla
1474,21,048,Chiautzingo,Puebla
1475,21,124,San Gabriel Chilac,Puebla
1476,21,079,Huitziltepec,Puebla
1477,21,001,Acajete,Puebla
1478,21,065,General Felipe Ángeles,Puebla
1479,21,139,San Pablo Anicano,Puebla
1480,21,068,Hermenegildo Galeana,Puebla
1481,21,006,Ahuacatlán,Puebla
1482,21,140,San Pedro Cholula,Puebla
1483,21,108,Oriental,Puebla
1484,21,161,Tepanco de López,Puebla
1485,21,008,Ahuazotepec,Puebla
1486,21,075,Hueyapan,Puebla
1487,21,142,San Salvador el Seco,Puebla
1488,21,131,San Juan Atzompa,Puebla
1489,21,088,Jonotla,Puebla
1490,21,204,Yaonáhuac,Puebla
1491,21,194,Venustiano Carranza,Puebla
1492,21,022,Atzitzihuacán,Puebla
1493,21,197,Xicotepec,Puebla
1494,21,031,Coatzingo,Puebla
1495,21,070,Huatlatlauca,Puebla
1496,21,180,Tlahuapan,Puebla
1497,21,066,Guadalupe,Puebla
1498,21,111,Pantepec,Puebla
1499,21,201,Xochiltepec,Puebla
1500,21,087,Jolalpan,Puebla
1501,21,105,Ocotepec,Puebla
1502,21,125,San Gregorio Atzompa,Puebla
1503,21,115,Quecholac,Puebla
1504,21,074,Huejotzingo,Puebla
1505,21,046,Chapulco,Puebla
1506,21,164,Tepeaca,Puebla
1507,21,024,Axutla,Puebla
1508,21,089,Jopala,Puebla
1509,21,210,Zapotitlán de Méndez,Puebla
1510,21,036,Coyomeapan,Puebla
1511,21,112,Petlalcingo,Puebla
1512,21,153,Tecali de Herrera,Puebla
1513,21,150,Huehuetlán el Grande,Puebla
1514,21,093,Lafragua,Puebla
1515,21,044,Cuyoaco,Puebla
1516,21,202,Xochitlán de Vicente Suárez,Puebla
1517,21,209,Zapotitlán,Puebla
1518,21,181,Tlaltenango,Puebla
1519,21,040,Cuautinchán,Puebla
1520,21,032,Cohetzala,Puebla
1521,21,157,Tehuitzingo,Puebla
1522,21,097,Mixtla,Puebla
1523,21,208,Zacatlán,Puebla
1524,21,016,Aquixtla,Puebla
1525,21,113,Piaxtla,Puebla
1526,21,195,Vicente Guerrero,Puebla
1527,21,127,San Jerónimo Xayacatlán,Puebla
1528,21,019,Atlixco,Puebla
1529,21,190,Totoltepec de Guerrero,Puebla
1530,21,004,Acatzingo,Puebla
1531,21,064,Francisco Z. Mena,Puebla
1532,21,071,Huauchinango,Puebla
1533,21,050,Chichiquila,Puebla
1534,21,198,Xicotlán,Puebla
1535,21,043,Cuetzalan del Progreso,Puebla
1536,21,183,Tlaola,Puebla
1537,21,015,Amozoc,Puebla
1538,21,081,Ixcamilpa de Guerrero,Puebla
1539,21,155,Tecomatlán,Puebla
1540,21,196,Xayacatlán de Bravo,Puebla
1541,21,199,Xiutetelco,Puebla
1542,21,141,San Pedro Yeloixtlahuaca,Puebla
1543,21,107,Olintla,Puebla
1544,21,138,San Nicolás de los Ranchos,Puebla
1545,21,086,Jalpan,Puebla
1546,21,067,Guadalupe Victoria,Puebla
1547,21,023,Atzitzintla,Puebla
1548,21,165,Tepemaxalco,Puebla
1549,21,172,Tetela de Ocampo,Puebla
1550,21,053,Chignahuapan,Puebla
1551,21,169,Tepexi de Rodríguez,Puebla
1552,21,168,Tepexco,Puebla
1553,21,099,Cañada Morelos,Puebla
1554,21,188,Tochimilco,Puebla
1555,21,129,San José Miahuatlán,Puebla
1556,21,106,Ocoyucan,Puebla
1557,21,047,Chiautla,Puebla
1558,21,094,Libres,Puebla
1559,21,213,Zihuateutla,Puebla
1560,21,007,Ahuatlán,Puebla
1561,21,121,San Diego la Mesa Tochimiltzingo,Puebla
1562,21,058,Chilchotla,Puebla
1563,21,216,Zoquiapan,Puebla
1564,21,110,Palmar de Bravo,Puebla
1565,21,149,Santiago Miahuatlán,Puebla
1566,21,085,Izúcar de Matamoros,Puebla
1567,21,186,Tlatlauquitepec,Puebla
1568,21,192,Tuzamapan de Galeana,Puebla
1569,21,100,Naupan,Puebla
1570,21,005,Acteopan,Puebla
1571,21,045,Chalchicomula de Sesma,Puebla
1572,21,056,Chila de la Sal,Puebla
1573,21,206,Zacapala,Puebla
1574,21,214,Zinacatepec,Puebla
1575,21,211,Zaragoza,Puebla
1576,21,184,Tlapacoya,Puebla
1577,21,027,Caltepec,Puebla
1578,21,166,Tepeojuma,Puebla
1579,21,159,Teopantlán,Puebla
1580,21,193,Tzicatlacoyan,Puebla
1581,21,114,Puebla,Puebla
1582,21,090,Juan C. Bonilla,Puebla
1583,21,034,Coronango,Puebla
1584,21,012,Aljojuca,Puebla
1585,21,135,San Miguel Ixitlán,Puebla
1586,21,160,Teotlalco,Puebla
1587,21,152,Soltepec,Puebla
1588,21,025,Ayotoxco de Guerrero,Puebla
1589,21,122,San Felipe Teotlalcingo,Puebla
1590,21,029,Caxhuacan,Puebla
1591,21,179,Tlachichuca,Puebla
1592,21,144,San Salvador Huixcolotla,Puebla
1593,21,178,Tlacuilotepec,Puebla
1594,21,143,San Salvador el Verde,Puebla
1595,21,076,Hueytamalco,Puebla
1596,21,128,San José Chiapa,Puebla
1597,21,021,Atzala,Puebla
1598,21,028,Camocuautla,Puebla
1599,21,092,Juan N. Méndez,Puebla
1600,21,151,Santo Tomás Hueyotlipan,Puebla
1601,21,212,Zautla,Puebla
1602,21,095,La Magdalena Tlatlauquitepec,Puebla
1603,21,002,Acateno,Puebla
1604,21,010,Ajalpan,Puebla
1605,21,018,Atexcal,Puebla
1606,21,147,Santa Inés Ahuatempan,Puebla
1607,21,217,Zoquitlán,Puebla
1608,21,170,Tepeyahualco,Puebla
1609,21,171,Tepeyahualco de Cuauhtémoc,Puebla
1610,21,136,San Miguel Xoxtla,Puebla
1611,21,098,Molcaxac,Puebla
1612,21,091,Juan Galindo,Puebla
1613,21,069,Huaquechula,Puebla
1614,21,158,Tenampulco,Puebla
1615,21,174,Teziutlán,Puebla
1616,21,038,Cuapiaxtla de Madero,Puebla
1617,21,078,Huitzilan de Serdán,Puebla
1618,21,073,Huehuetlán el Chico,Puebla
1619,21,084,Ixtepec,Puebla
1620,21,055,Chila,Puebla
1621,21,096,Mazapiltepec de Juárez,Puebla
1622,21,063,Esperanza,Puebla
1623,21,130,San Juan Atenco,Puebla
1624,21,049,Chiconcuautla,Puebla
1625,21,072,Huehuetla,Puebla
1626,21,146,Santa Catarina Tlaltempan,Puebla
1627,21,052,Chigmecatitlán,Puebla
1628,21,187,Tlaxco,Puebla
1629,21,057,Honey,Puebla
1630,21,175,Tianguismanalco,Puebla
1631,21,104,Nopalucan,Puebla
1632,21,103,Nicolás Bravo,Puebla
1633,21,123,San Felipe Tepatlán,Puebla
1634,21,134,San Matías Tlalancaleca,Puebla
1635,21,039,Cuautempan,Puebla
1636,21,014,Amixtlán,Puebla
1637,21,077,Hueytlalpan,Puebla
1638,21,162,Tepango de Rodríguez,Puebla
1639,21,059,Chinantla,Puebla
1640,21,041,Cuautlancingo,Puebla
1641,21,051,Chietla,Puebla
1642,21,133,San Martín Totoltepec,Puebla
1643,21,101,Nauzontla,Puebla
1644,21,080,Atlequizayan,Puebla
1645,21,009,Ahuehuetitla,Puebla
1646,21,037,Coyotepec,Puebla
1647,21,020,Atoyatempan,Puebla
1648,21,182,Tlanepantla,Puebla
1649,21,030,Coatepec,Puebla
1650,21,042,Cuayuca de Andrade,Puebla
1651,21,003,Acatlán,Puebla
1652,21,156,Tehuacán,Puebla
1653,21,033,Cohuecan,Puebla
1654,21,011,Albino Zertuche,Puebla
1655,21,013,Altepexi,Puebla
1656,21,061,Eloxochitlán,Puebla
1657,21,148,Santa Isabel Cholula,Puebla
1658,21,116,Quimixtlán,Puebla
1659,21,145,San Sebastián Tlacotepec,Puebla
1660,22,004,Cadereyta de Montes,Querétaro
1661,22,015,San Joaquín,Querétaro
1662,22,001,Amealco de Bonfil,Querétaro
1663,22,016,San Juan del Río,Querétaro
1664,22,009,Jalpan de Serra,Querétaro
1665,22,010,Landa de Matamoros,Querétaro
1666,22,013,Peñamiller,Querétaro
1667,22,006,Corregidora,Querétaro
1668,22,002,Pinal de Amoles,Querétaro
1669,22,008,Huimilpan,Querétaro
1670,22,017,Tequisquiapan,Querétaro
1671,22,005,Colón,Querétaro
1672,22,011,El Marqués,Querétaro
1673,22,007,Ezequiel Montes,Querétaro
1674,22,012,Pedro Escobedo,Querétaro
1675,22,003,Arroyo Seco,Querétaro
1676,22,014,Querétaro,Querétaro
1677,22,018,Tolimán,Querétaro
1678,23,004,Othón P. Blanco,Quintana Roo
1679,23,008,Solidaridad,Quintana Roo
1680,23,003,Isla Mujeres,Quintana Roo
1681,23,002,Felipe Carrillo Puerto,Quintana Roo
1682,23,010,Bacalar,Quintana Roo
1683,23,001,Cozumel,Quintana Roo
1684,23,007,Lázaro Cárdenas,Quintana Roo
1685,23,006,José María Morelos,Quintana Roo
1686,23,009,Tulum,Quintana Roo
1687,23,005,Benito Juárez,Quintana Roo
1688,23,011,Puerto Morelos,Quintana Roo
1689,24,057,Matlapa,San Luis Potosí
1690,24,058,El Naranjo,San Luis Potosí
1691,24,036,Tamasopo,San Luis Potosí
1692,24,038,Tampacán,San Luis Potosí
1693,24,040,Tamuín,San Luis Potosí
1694,24,054,Xilitla,San Luis Potosí
1695,24,003,Aquismón,San Luis Potosí
1696,24,041,Tanlajás,San Luis Potosí
1697,24,042,Tanquián de Escobedo,San Luis Potosí
1698,24,046,Villa de Arriaga,San Luis Potosí
1699,24,013,Ciudad Valles,San Luis Potosí
1700,24,024,Rioverde,San Luis Potosí
1701,24,029,San Martín Chalchicuautla,San Luis Potosí
1702,24,032,Santa María del Río,San Luis Potosí
1703,24,037,Tamazunchale,San Luis Potosí
1704,24,006,Catorce,San Luis Potosí
1705,24,008,Cerritos,San Luis Potosí
1706,24,009,Cerro de San Pedro,San Luis Potosí
1707,24,014,Coxcatlán,San Luis Potosí
1708,24,022,Moctezuma,San Luis Potosí
1709,24,033,Santo Domingo,San Luis Potosí
1710,24,044,Vanegas,San Luis Potosí
1711,24,047,Villa de Guadalupe,San Luis Potosí
1712,24,001,Ahualulco,San Luis Potosí
1713,24,002,Alaquines,San Luis Potosí
1714,24,004,Armadillo de los Infante,San Luis Potosí
1715,24,010,Ciudad del Maíz,San Luis Potosí
1716,24,018,Huehuetlán,San Luis Potosí
1717,24,028,San Luis Potosí,San Luis Potosí
1718,24,035,Soledad de Graciano Sánchez,San Luis Potosí
1719,24,007,Cedral,San Luis Potosí
1720,24,045,Venado,San Luis Potosí
1721,24,048,Villa de la Paz,San Luis Potosí
1722,24,011,Ciudad Fernández,San Luis Potosí
1723,24,012,Tancanhuitz,San Luis Potosí
1724,24,049,Villa de Ramos,San Luis Potosí
1725,24,015,Charcas,San Luis Potosí
1726,24,016,Ebano,San Luis Potosí
1727,24,025,Salinas,San Luis Potosí
1728,24,056,Villa de Arista,San Luis Potosí
1729,24,017,Guadalcázar,San Luis Potosí
1730,24,019,Lagunillas,San Luis Potosí
1731,24,020,Matehuala,San Luis Potosí
1732,24,021,Mexquitic de Carmona,San Luis Potosí
1733,24,023,Rayón,San Luis Potosí
1734,24,027,San Ciro de Acosta,San Luis Potosí
1735,24,031,Santa Catarina,San Luis Potosí
1736,24,034,San Vicente Tancuayalab,San Luis Potosí
1737,24,052,Villa Juárez,San Luis Potosí
1738,24,026,San Antonio,San Luis Potosí
1739,24,030,San Nicolás Tolentino,San Luis Potosí
1740,24,005,Cárdenas,San Luis Potosí
1741,24,039,Tampamolón Corona,San Luis Potosí
1742,24,050,Villa de Reyes,San Luis Potosí
1743,24,055,Zaragoza,San Luis Potosí
1744,24,053,Axtla de Terrazas,San Luis Potosí
1745,24,051,Villa Hidalgo,San Luis Potosí
1746,24,043,Tierra Nueva,San Luis Potosí
1747,25,009,Escuinapa,Sinaloa
1748,25,017,Sinaloa,Sinaloa
1749,25,008,Elota,Sinaloa
1750,25,010,El Fuerte,Sinaloa
1751,25,016,San Ignacio,Sinaloa
1752,25,004,Concordia,Sinaloa
1753,25,013,Mocorito,Sinaloa
1754,25,006,Culiacán,Sinaloa
1755,25,003,Badiraguato,Sinaloa
1756,25,014,Rosario,Sinaloa
1757,25,007,Choix,Sinaloa
1758,25,005,Cosalá,Sinaloa
1759,25,015,Salvador Alvarado,Sinaloa
1760,25,001,Ahome,Sinaloa
1761,25,011,Guasave,Sinaloa
1762,25,018,Navolato,Sinaloa
1763,25,012,Mazatlán,Sinaloa
1764,25,002,Angostura,Sinaloa
1765,26,007,Atil,Sonora
1766,26,054,San Javier,Sonora
1767,26,038,Moctezuma,Sonora
1768,26,031,Huachinera,Sonora
1769,26,045,Opodepe,Sonora
1770,26,052,Sahuaripa,Sonora
1771,26,002,Agua Prieta,Sonora
1772,26,071,Benito Juárez,Sonora
1773,26,009,Bacanora,Sonora
1774,26,040,Nácori Chico,Sonora
1775,26,004,Altar,Sonora
1776,26,064,Trincheras,Sonora
1777,26,048,Puerto Peñasco,Sonora
1778,26,017,Caborca,Sonora
1779,26,018,Cajeme,Sonora
1780,26,001,Aconchi,Sonora
1781,26,047,Pitiquito,Sonora
1782,26,020,Carbó,Sonora
1783,26,046,Oquitoa,Sonora
1784,26,034,Huépac,Sonora
1785,26,027,Fronteras,Sonora
1786,26,039,Naco,Sonora
1787,26,035,Imuris,Sonora
1788,26,005,Arivechi,Sonora
1789,26,066,Ures,Sonora
1790,26,037,Mazatán,Sonora
1791,26,014,Baviácora,Sonora
1792,26,050,Rayón,Sonora
1793,26,061,Soyopa,Sonora
1794,26,036,Magdalena,Sonora
1795,26,057,San Pedro de la Cueva,Sonora
1796,26,044,Onavas,Sonora
1797,26,063,Tepache,Sonora
1798,26,033,Huatabampo,Sonora
1799,26,025,Empalme,Sonora
1800,26,060,Sáric,Sonora
1801,26,070,General Plutarco Elías Calles,Sonora
1802,26,012,Bácum,Sonora
1803,26,026,Etchojoa,Sonora
1804,26,023,Cumpas,Sonora
1805,26,011,Bacoachi,Sonora
1806,26,015,Bavispe,Sonora
1807,26,042,Navojoa,Sonora
1808,26,010,Bacerac,Sonora
1809,26,041,Nacozari de García,Sonora
1810,26,056,San Miguel de Horcasitas,Sonora
1811,26,069,Yécora,Sonora
1812,26,049,Quiriego,Sonora
1813,26,059,Santa Cruz,Sonora
1814,26,051,Rosario,Sonora
1815,26,008,Bacadéhuachi,Sonora
1816,26,003,Alamos,Sonora
1817,26,067,Villa Hidalgo,Sonora
1818,26,028,Granados,Sonora
1819,26,022,Cucurpe,Sonora
1820,26,032,Huásabas,Sonora
1821,26,013,Banámichi,Sonora
1822,26,006,Arizpe,Sonora
1823,26,019,Cananea,Sonora
1824,26,062,Suaqui Grande,Sonora
1825,26,016,Benjamín Hill,Sonora
1826,26,021,La Colorada,Sonora
1827,26,043,Nogales,Sonora
1828,26,072,San Ignacio Río Muerto,Sonora
1829,26,024,Divisaderos,Sonora
1830,26,058,Santa Ana,Sonora
1831,26,065,Tubutama,Sonora
1832,26,068,Villa Pesqueira,Sonora
1833,26,053,San Felipe de Jesús,Sonora
1834,26,030,Hermosillo,Sonora
1835,26,055,San Luis Río Colorado,Sonora
1836,26,029,Guaymas,Sonora
1837,27,012,Macuspana,Tabasco
1838,27,009,Jalapa,Tabasco
1839,27,013,Nacajuca,Tabasco
1840,27,006,Cunduacán,Tabasco
1841,27,017,Tenosique,Tabasco
1842,27,007,Emiliano Zapata,Tabasco
1843,27,010,Jalpa de Méndez,Tabasco
1844,27,015,Tacotalpa,Tabasco
1845,27,014,Paraíso,Tabasco
1846,27,004,Centro,Tabasco
1847,27,005,Comalcalco,Tabasco
1848,27,003,Centla,Tabasco
1849,27,011,Jonuta,Tabasco
1850,27,016,Teapa,Tabasco
1851,27,001,Balancán,Tabasco
1852,27,002,Cárdenas,Tabasco
1853,27,008,Huimanguillo,Tabasco
1854,28,032,Reynosa,Tamaulipas
1855,28,031,Palmillas,Tamaulipas
1856,28,002,Aldama,Tamaulipas
1857,28,005,Burgos,Tamaulipas
1858,28,013,Güémez,Tamaulipas
1859,28,042,Villagrán,Tamaulipas
1860,28,025,Miguel Alemán,Tamaulipas
1861,28,040,Valle Hermoso,Tamaulipas
1862,28,034,San Carlos,Tamaulipas
1863,28,039,Tula,Tamaulipas
1864,28,036,San Nicolás,Tamaulipas
1865,28,030,Padilla,Tamaulipas
1866,28,022,Matamoros,Tamaulipas
1867,28,021,El Mante,Tamaulipas
1868,28,020,Mainero,Tamaulipas
1869,28,014,Guerrero,Tamaulipas
1870,28,009,Ciudad Madero,Tamaulipas
1871,28,019,Llera,Tamaulipas
1872,28,006,Bustamante,Tamaulipas
1873,28,017,Jaumave,Tamaulipas
1874,28,033,Río Bravo,Tamaulipas
1875,28,041,Victoria,Tamaulipas
1876,28,003,Altamira,Tamaulipas
1877,28,011,Gómez Farías,Tamaulipas
1878,28,038,Tampico,Tamaulipas
1879,28,007,Camargo,Tamaulipas
1880,28,001,Abasolo,Tamaulipas
1881,28,015,Gustavo Díaz Ordaz,Tamaulipas
1882,28,037,Soto la Marina,Tamaulipas
1883,28,028,Nuevo Morelos,Tamaulipas
1884,28,008,Casas,Tamaulipas
1885,28,018,Jiménez,Tamaulipas
1886,28,010,Cruillas,Tamaulipas
1887,28,004,Antiguo Morelos,Tamaulipas
1888,28,024,Mier,Tamaulipas
1889,28,016,Hidalgo,Tamaulipas
1890,28,029,Ocampo,Tamaulipas
1891,28,026,Miquihuana,Tamaulipas
1892,28,023,Méndez,Tamaulipas
1893,28,012,González,Tamaulipas
1894,28,043,Xicoténcatl,Tamaulipas
1895,28,027,Nuevo Laredo,Tamaulipas
1896,28,035,San Fernando,Tamaulipas
1897,29,056,Santa Ana Nopalucan,Tlaxcala
1898,29,051,San Jerónimo Zacualpan,Tlaxcala
1899,29,023,Natívitas,Tlaxcala
1900,29,053,San Juan Huactzinco,Tlaxcala
1901,29,045,Benito Juárez,Tlaxcala
1902,29,039,Xaloztoc,Tlaxcala
1903,29,029,Tepeyanco,Tlaxcala
1904,29,044,Zacatelco,Tlaxcala
1905,29,050,San Francisco Tetlanohcan,Tlaxcala
1906,29,011,Muñoz de Domingo Arenas,Tlaxcala
1907,29,009,Cuaxomulco,Tlaxcala
1908,29,041,Papalotla de Xicohténcatl,Tlaxcala
1909,29,055,San Lucas Tecopilco,Tlaxcala
1910,29,015,Ixtacuixtla de Mariano Matamoros,Tlaxcala
1911,29,054,San Lorenzo Axocomanitla,Tlaxcala
1912,29,040,Xaltocan,Tlaxcala
1913,29,013,Huamantla,Tlaxcala
1914,29,030,Terrenate,Tlaxcala
1915,29,028,Teolocholco,Tlaxcala
1916,29,012,Españita,Tlaxcala
1917,29,010,Chiautempan,Tlaxcala
1918,29,034,Tlaxco,Tlaxcala
1919,29,022,Acuamanala de Miguel Hidalgo,Tlaxcala
1920,29,052,San José Teacalco,Tlaxcala
1921,29,016,Ixtenco,Tlaxcala
1922,29,047,Lázaro Cárdenas,Tlaxcala
1923,29,020,Sanctórum de Lázaro Cárdenas,Tlaxcala
1924,29,035,Tocatlán,Tlaxcala
1925,29,048,La Magdalena Tlaltelulco,Tlaxcala
1926,29,027,Tenancingo,Tlaxcala
1927,29,019,Tepetitla de Lardizábal,Tlaxcala
1928,29,036,Totolac,Tlaxcala
1929,29,042,Xicohtzinco,Tlaxcala
1930,29,005,Apizaco,Tlaxcala
1931,29,018,Contla de Juan Cuamatzi,Tlaxcala
1932,29,059,Santa Cruz Quilehtla,Tlaxcala
1933,29,002,Apetatitlán de Antonio Carvajal,Tlaxcala
1934,29,026,Santa Cruz Tlaxcala,Tlaxcala
1935,29,007,El Carmen Tequexquitla,Tlaxcala
1936,29,060,Santa Isabel Xiloxoxtla,Tlaxcala
1937,29,046,Emiliano Zapata,Tlaxcala
1938,29,021,Nanacamilpa de Mariano Arista,Tlaxcala
1939,29,038,Tzompantepec,Tlaxcala
1940,29,043,Yauhquemehcan,Tlaxcala
1941,29,001,Amaxac de Guerrero,Tlaxcala
1942,29,017,Mazatecochco de José María Morelos,Tlaxcala
1943,29,049,San Damián Texóloc,Tlaxcala
1944,29,058,Santa Catarina Ayometla,Tlaxcala
1945,29,025,San Pablo del Monte,Tlaxcala
1946,29,032,Tetlatlahuca,Tlaxcala
1947,29,024,Panotla,Tlaxcala
1948,29,031,Tetla de la Solidaridad,Tlaxcala
1949,29,037,Ziltlaltépec de Trinidad Sánchez Santos,Tlaxcala
1950,29,057,Santa Apolonia Teacalco,Tlaxcala
1951,29,004,Atltzayanca,Tlaxcala
1952,29,014,Hueyotlipan,Tlaxcala
1953,29,033,Tlaxcala,Tlaxcala
1954,29,003,Atlangatepec,Tlaxcala
1955,29,008,Cuapiaxtla,Tlaxcala
1956,29,006,Calpulalpan,Tlaxcala
1957,30,059,Chinameca,Veracruz de Ignacio de la Llave
1958,30,018,Aquila,Veracruz de Ignacio de la Llave
1959,30,208,Carlos A. Carrillo,Veracruz de Ignacio de la Llave
1960,30,136,Rafael Lucio,Veracruz de Ignacio de la Llave
1961,30,073,Hueyapan de Ocampo,Veracruz de Ignacio de la Llave
1962,30,196,Yanga,Veracruz de Ignacio de la Llave
1963,30,182,Tlalnelhuayocan,Veracruz de Ignacio de la Llave
1964,30,171,Texhuacán,Veracruz de Ignacio de la Llave
1965,30,061,Las Choapas,Veracruz de Ignacio de la Llave
1966,30,095,Juchique de Ferrer,Veracruz de Ignacio de la Llave
1967,30,031,Carrillo Puerto,Veracruz de Ignacio de la Llave
1968,30,154,Tantima,Veracruz de Ignacio de la Llave
1969,30,144,Sayula de Alemán,Veracruz de Ignacio de la Llave
1970,30,142,San Juan Evangelista,Veracruz de Ignacio de la Llave
1971,30,149,Soteapan,Veracruz de Ignacio de la Llave
1972,30,107,Las Minas,Veracruz de Ignacio de la Llave
1973,30,156,Tatatila,Veracruz de Ignacio de la Llave
1974,30,168,Tequila,Veracruz de Ignacio de la Llave
1975,30,117,Omealca,Veracruz de Ignacio de la Llave
1976,30,163,Tenochtitlán,Veracruz de Ignacio de la Llave
1977,30,184,Tlaquilpa,Veracruz de Ignacio de la Llave
1978,30,072,Huayacocotla,Veracruz de Ignacio de la Llave
1979,30,081,Ixhuatlancillo,Veracruz de Ignacio de la Llave
1980,30,138,Río Blanco,Veracruz de Ignacio de la Llave
1981,30,199,Zaragoza,Veracruz de Ignacio de la Llave
1982,30,140,San Andrés Tenejapan,Veracruz de Ignacio de la Llave
1983,30,054,Chacaltianguis,Veracruz de Ignacio de la Llave
1984,30,074,Huiloapan de Cuauhtémoc,Veracruz de Ignacio de la Llave
1985,30,120,Oteapan,Veracruz de Ignacio de la Llave
1986,30,210,Uxpanapa,Veracruz de Ignacio de la Llave
1987,30,190,Tuxtilla,Veracruz de Ignacio de la Llave
1988,30,127,La Perla,Veracruz de Ignacio de la Llave
1989,30,002,Acatlán,Veracruz de Ignacio de la Llave
1990,30,100,Manlio Fabio Altamirano,Veracruz de Ignacio de la Llave
1991,30,145,Soconusco,Veracruz de Ignacio de la Llave
1992,30,118,Orizaba,Veracruz de Ignacio de la Llave
1993,30,007,Camarón de Tejeda,Veracruz de Ignacio de la Llave
1994,30,042,Colipa,Veracruz de Ignacio de la Llave
1995,30,008,Alpatláhuac,Veracruz de Ignacio de la Llave
1996,30,162,Tenampa,Veracruz de Ignacio de la Llave
1997,30,005,Acula,Veracruz de Ignacio de la Llave
1998,30,088,Jalcomulco,Veracruz de Ignacio de la Llave
1999,30,101,Mariano Escobedo,Veracruz de Ignacio de la Llave
2000,30,047,Coscomatepec,Veracruz de Ignacio de la Llave
2001,30,004,Actopan,Veracruz de Ignacio de la Llave
2002,30,170,Texcatepec,Veracruz de Ignacio de la Llave
2003,30,189,Tuxpan,Veracruz de Ignacio de la Llave
2004,30,015,Angel R. Cabada,Veracruz de Ignacio de la Llave
2005,30,116,Oluta,Veracruz de Ignacio de la Llave
2006,30,112,Naolinco,Veracruz de Ignacio de la Llave
2007,30,057,Chiconquiaco,Veracruz de Ignacio de la Llave
2008,30,143,Santiago Tuxtla,Veracruz de Ignacio de la Llave
2009,30,087,Xalapa,Veracruz de Ignacio de la Llave
2010,30,055,Chalma,Veracruz de Ignacio de la Llave
2011,30,051,Coyutla,Veracruz de Ignacio de la Llave
2012,30,063,Chontla,Veracruz de Ignacio de la Llave
2013,30,043,Comapa,Veracruz de Ignacio de la Llave
2014,30,029,Calcahualco,Veracruz de Ignacio de la Llave
2015,30,155,Tantoyuca,Veracruz de Ignacio de la Llave
2016,30,202,Zontecomatlán de López y Fuentes,Veracruz de Ignacio de la Llave
2017,30,211,San Rafael,Veracruz de Ignacio de la Llave
2018,30,060,Chinampa de Gorostiza,Veracruz de Ignacio de la Llave
2019,30,158,Tecolutla,Veracruz de Ignacio de la Llave
2020,30,180,Tlachichilco,Veracruz de Ignacio de la Llave
2021,30,010,Altotonga,Veracruz de Ignacio de la Llave
2022,30,175,Tihuatlán,Veracruz de Ignacio de la Llave
2023,30,102,Martínez de la Torre,Veracruz de Ignacio de la Llave
2024,30,181,Tlalixcoyan,Veracruz de Ignacio de la Llave
2025,30,036,Coacoatzintla,Veracruz de Ignacio de la Llave
2026,30,188,Totutla,Veracruz de Ignacio de la Llave
2027,30,150,Tamalín,Veracruz de Ignacio de la Llave
2028,30,079,Ixhuacán de los Reyes,Veracruz de Ignacio de la Llave
2029,30,161,Tempoal,Veracruz de Ignacio de la Llave
2030,30,027,Benito Juárez,Veracruz de Ignacio de la Llave
2031,30,048,Cosoleacaque,Veracruz de Ignacio de la Llave
2032,30,094,Juan Rodríguez Clara,Veracruz de Ignacio de la Llave
2033,30,201,Zongolica,Veracruz de Ignacio de la Llave
2034,30,113,Naranjal,Veracruz de Ignacio de la Llave
2035,30,037,Coahuitlán,Veracruz de Ignacio de la Llave
2036,30,147,Soledad Atzompa,Veracruz de Ignacio de la Llave
2037,30,198,Zacualpan,Veracruz de Ignacio de la Llave
2038,30,134,Puente Nacional,Veracruz de Ignacio de la Llave
2039,30,108,Minatitlán,Veracruz de Ignacio de la Llave
2040,30,124,Papantla,Veracruz de Ignacio de la Llave
2041,30,125,Paso del Macho,Veracruz de Ignacio de la Llave
2042,30,148,Soledad de Doblado,Veracruz de Ignacio de la Llave
2043,30,058,Chicontepec,Veracruz de Ignacio de la Llave
2044,30,091,Jesús Carranza,Veracruz de Ignacio de la Llave
2045,30,013,Naranjos Amatlán,Veracruz de Ignacio de la Llave
2046,30,169,José Azueta,Veracruz de Ignacio de la Llave
2047,30,014,Amatlán de los Reyes,Veracruz de Ignacio de la Llave
2048,30,178,Tlacotalpan,Veracruz de Ignacio de la Llave
2049,30,038,Coatepec,Veracruz de Ignacio de la Llave
2050,30,212,Santiago Sochiapan,Veracruz de Ignacio de la Llave
2051,30,141,San Andrés Tuxtla,Veracruz de Ignacio de la Llave
2052,30,083,Ixhuatlán de Madero,Veracruz de Ignacio de la Llave
2053,30,105,Medellín de Bravo,Veracruz de Ignacio de la Llave
2054,30,032,Catemaco,Veracruz de Ignacio de la Llave
2055,30,173,Tezonapa,Veracruz de Ignacio de la Llave
2056,30,123,Pánuco,Veracruz de Ignacio de la Llave
2057,30,023,Atzalan,Veracruz de Ignacio de la Llave
2058,30,121,Ozuluama de Mascareñas,Veracruz de Ignacio de la Llave
2059,30,172,Texistepec,Veracruz de Ignacio de la Llave
2060,30,071,Huatusco,Veracruz de Ignacio de la Llave
2061,30,157,Castillo de Teayo,Veracruz de Ignacio de la Llave
2062,30,122,Pajapan,Veracruz de Ignacio de la Llave
2063,30,183,Tlapacoyan,Veracruz de Ignacio de la Llave
2064,30,077,Isla,Veracruz de Ignacio de la Llave
2065,30,152,Tampico Alto,Veracruz de Ignacio de la Llave
2066,30,033,Cazones de Herrera,Veracruz de Ignacio de la Llave
2067,30,089,Jáltipan,Veracruz de Ignacio de la Llave
2068,30,070,Hidalgotitlán,Veracruz de Ignacio de la Llave
2069,30,056,Chiconamel,Veracruz de Ignacio de la Llave
2070,30,130,Playa Vicente,Veracruz de Ignacio de la Llave
2071,30,128,Perote,Veracruz de Ignacio de la Llave
2072,30,174,Tierra Blanca,Veracruz de Ignacio de la Llave
2073,30,066,Espinal,Veracruz de Ignacio de la Llave
2074,30,011,Alvarado,Veracruz de Ignacio de la Llave
2075,30,040,Coatzintla,Veracruz de Ignacio de la Llave
2076,30,045,Cosamaloapan de Carpio,Veracruz de Ignacio de la Llave
2077,30,053,Cuitláhuac,Veracruz de Ignacio de la Llave
2078,30,200,Zentla,Veracruz de Ignacio de la Llave
2079,30,024,Tlaltetela,Veracruz de Ignacio de la Llave
2080,30,209,Tatahuicapan de Juárez,Veracruz de Ignacio de la Llave
2081,30,160,Álamo Temapache,Veracruz de Ignacio de la Llave
2082,30,129,Platón Sánchez,Veracruz de Ignacio de la Llave
2083,30,098,Magdalena,Veracruz de Ignacio de la Llave
2084,30,030,Camerino Z. Mendoza,Veracruz de Ignacio de la Llave
2085,30,192,Vega de Alatorre,Veracruz de Ignacio de la Llave
2086,30,049,Cotaxtla,Veracruz de Ignacio de la Llave
2087,30,019,Astacinga,Veracruz de Ignacio de la Llave
2088,30,206,Nanchital de Lázaro Cárdenas del Río,Veracruz de Ignacio de la Llave
2089,30,093,Jilotepec,Veracruz de Ignacio de la Llave
2090,30,082,Ixhuatlán del Sureste,Veracruz de Ignacio de la Llave
2091,30,069,Gutiérrez Zamora,Veracruz de Ignacio de la Llave
2092,30,110,Mixtla de Altamirano,Veracruz de Ignacio de la Llave
2093,30,111,Moloacán,Veracruz de Ignacio de la Llave
2094,30,191,Ursulo Galván,Veracruz de Ignacio de la Llave
2095,30,114,Nautla,Veracruz de Ignacio de la Llave
2096,30,065,Emiliano Zapata,Veracruz de Ignacio de la Llave
2097,30,012,Amatitlán,Veracruz de Ignacio de la Llave
2098,30,197,Yecuatla,Veracruz de Ignacio de la Llave
2099,30,115,Nogales,Veracruz de Ignacio de la Llave
2100,30,195,Xoxocotla,Veracruz de Ignacio de la Llave
2101,30,186,Tomatlán,Veracruz de Ignacio de la Llave
2102,30,022,Atzacan,Veracruz de Ignacio de la Llave
2103,30,119,Otatitlán,Veracruz de Ignacio de la Llave
2104,30,137,Los Reyes,Veracruz de Ignacio de la Llave
2105,30,097,Lerdo de Tejada,Veracruz de Ignacio de la Llave
2106,30,146,Sochiapa,Veracruz de Ignacio de la Llave
2107,30,026,Banderilla,Veracruz de Ignacio de la Llave
2108,30,187,Tonayán,Veracruz de Ignacio de la Llave
2109,30,006,Acultzingo,Veracruz de Ignacio de la Llave
2110,30,046,Cosautlán de Carvajal,Veracruz de Ignacio de la Llave
2111,30,017,Apazapan,Veracruz de Ignacio de la Llave
2112,30,153,Tancoco,Veracruz de Ignacio de la Llave
2113,30,001,Acajete,Veracruz de Ignacio de la Llave
2114,30,165,Tepatlaxco,Veracruz de Ignacio de la Llave
2115,30,103,Mecatlán,Veracruz de Ignacio de la Llave
2116,30,159,Tehuipango,Veracruz de Ignacio de la Llave
2117,30,106,Miahuatlán,Veracruz de Ignacio de la Llave
2118,30,203,Zozocolco de Hidalgo,Veracruz de Ignacio de la Llave
2119,30,035,Citlaltépetl,Veracruz de Ignacio de la Llave
2120,30,064,Chumatlán,Veracruz de Ignacio de la Llave
2121,30,044,Córdoba,Veracruz de Ignacio de la Llave
2122,30,025,Ayahualulco,Veracruz de Ignacio de la Llave
2123,30,078,Ixcatepec,Veracruz de Ignacio de la Llave
2124,30,109,Misantla,Veracruz de Ignacio de la Llave
2125,30,133,Pueblo Viejo,Veracruz de Ignacio de la Llave
2126,30,090,Jamapa,Veracruz de Ignacio de la Llave
2127,30,062,Chocamán,Veracruz de Ignacio de la Llave
2128,30,099,Maltrata,Veracruz de Ignacio de la Llave
2129,30,028,Boca del Río,Veracruz de Ignacio de la Llave
2130,30,194,Villa Aldama,Veracruz de Ignacio de la Llave
2131,30,034,Cerro Azul,Veracruz de Ignacio de la Llave
2132,30,132,Las Vigas de Ramírez,Veracruz de Ignacio de la Llave
2133,30,185,Tlilapan,Veracruz de Ignacio de la Llave
2134,30,096,Landero y Coss,Veracruz de Ignacio de la Llave
2135,30,139,Saltabarranca,Veracruz de Ignacio de la Llave
2136,30,135,Rafael Delgado,Veracruz de Ignacio de la Llave
2137,30,009,Alto Lucero de Gutiérrez Barrios,Veracruz de Ignacio de la Llave
2138,30,086,Jalacingo,Veracruz de Ignacio de la Llave
2139,30,039,Coatzacoalcos,Veracruz de Ignacio de la Llave
2140,30,207,Tres Valles,Veracruz de Ignacio de la Llave
2141,30,052,Cuichapa,Veracruz de Ignacio de la Llave
2142,30,167,Tepetzintla,Veracruz de Ignacio de la Llave
2143,30,131,Poza Rica de Hidalgo,Veracruz de Ignacio de la Llave
2144,30,076,Ilamatlán,Veracruz de Ignacio de la Llave
2145,30,104,Mecayapan,Veracruz de Ignacio de la Llave
2146,30,003,Acayucan,Veracruz de Ignacio de la Llave
2147,30,126,Paso de Ovejas,Veracruz de Ignacio de la Llave
2148,30,080,Ixhuatlán del Café,Veracruz de Ignacio de la Llave
2149,30,041,Coetzala,Veracruz de Ignacio de la Llave
2150,30,164,Teocelo,Veracruz de Ignacio de la Llave
2151,30,021,Atoyac,Veracruz de Ignacio de la Llave
2152,30,179,Tlacotepec de Mejía,Veracruz de Ignacio de la Llave
2153,30,067,Filomeno Mata,Veracruz de Ignacio de la Llave
2154,30,177,Tlacolulan,Veracruz de Ignacio de la Llave
2155,30,205,El Higo,Veracruz de Ignacio de la Llave
2156,30,050,Coxquihui,Veracruz de Ignacio de la Llave
2157,30,084,Ixmatlahuacan,Veracruz de Ignacio de la Llave
2158,30,204,Agua Dulce,Veracruz de Ignacio de la Llave
2159,30,166,Tepetlán,Veracruz de Ignacio de la Llave
2160,30,092,Xico,Veracruz de Ignacio de la Llave
2161,30,075,Ignacio de la Llave,Veracruz de Ignacio de la Llave
2162,30,176,Tlacojalpan,Veracruz de Ignacio de la Llave
2163,30,085,Ixtaczoquitlán,Veracruz de Ignacio de la Llave
2164,30,016,La Antigua,Veracruz de Ignacio de la Llave
2165,30,068,Fortín,Veracruz de Ignacio de la Llave
2166,30,020,Atlahuilco,Veracruz de Ignacio de la Llave
2167,30,193,Veracruz,Veracruz de Ignacio de la Llave
2168,30,151,Tamiahua,Veracruz de Ignacio de la Llave
2169,31,057,Panabá,Yucatán
2170,31,022,Chikindzonot,Yucatán
2171,31,060,Quintana Roo,Yucatán
2172,31,044,Kinchil,Yucatán
2173,31,071,Sudzal,Yucatán
2174,31,052,Motul,Yucatán
2175,31,089,Ticul,Yucatán
2176,31,036,Homún,Yucatán
2177,31,028,Dzilam de Bravo,Yucatán
2178,31,018,Chapab,Yucatán
2179,31,073,Tahdziú,Yucatán
2180,31,021,Chichimilá,Yucatán
2181,31,100,Ucú,Yucatán
2182,31,077,Tekal de Venegas,Yucatán
2183,31,003,Akil,Yucatán
2184,31,063,Samahil,Yucatán
2185,31,015,Cuzamá,Yucatán
2186,31,086,Tepakán,Yucatán
2187,31,045,Kopomá,Yucatán
2188,31,009,Cansahcab,Yucatán
2189,31,079,Tekax,Yucatán
2190,31,058,Peto,Yucatán
2191,31,014,Cuncunul,Yucatán
2192,31,081,Tekom,Yucatán
2193,31,029,Dzilam González,Yucatán
2194,31,040,Izamal,Yucatán
2195,31,049,Mayapán,Yucatán
2196,31,104,Yaxcabá,Yucatán
2197,31,074,Tahmek,Yucatán
2198,31,101,Umán,Yucatán
2199,31,007,Cacalchén,Yucatán
2200,31,008,Calotmul,Yucatán
2201,31,024,Chumayel,Yucatán
2202,31,105,Yaxkukul,Yucatán
2203,31,065,San Felipe,Yucatán
2204,31,099,Uayma,Yucatán
2205,31,019,Chemax,Yucatán
2206,31,076,Tecoh,Yucatán
2207,31,085,Temozón,Yucatán
2208,31,091,Tinum,Yucatán
2209,31,032,Espita,Yucatán
2210,31,042,Kantunil,Yucatán
2211,31,002,Acanceh,Yucatán
2212,31,094,Tixmehuac,Yucatán
2213,31,087,Tetiz,Yucatán
2214,31,054,Muxupip,Yucatán
2215,31,017,Chankom,Yucatán
2216,31,093,Tixkokob,Yucatán
2217,31,034,Hocabá,Yucatán
2218,31,043,Kaua,Yucatán
2219,31,092,Tixcacalcupul,Yucatán
2220,31,048,Maxcanú,Yucatán
2221,31,012,Cenotillo,Yucatán
2222,31,067,Seyé,Yucatán
2223,31,075,Teabo,Yucatán
2224,31,069,Sotuta,Yucatán
2225,31,041,Kanasín,Yucatán
2226,31,039,Ixil,Yucatán
2227,31,006,Buctzotz,Yucatán
2228,31,016,Chacsinkín,Yucatán
2229,31,030,Dzitás,Yucatán
2230,31,051,Mocochá,Yucatán
2231,31,072,Suma,Yucatán
2232,31,082,Telchac Pueblo,Yucatán
2233,31,005,Bokobá,Yucatán
2234,31,035,Hoctún,Yucatán
2235,31,004,Baca,Yucatán
2236,31,070,Sucilá,Yucatán
2237,31,056,Oxkutzcab,Yucatán
2238,31,098,Tzucacab,Yucatán
2239,31,064,Sanahcat,Yucatán
2240,31,083,Telchac Puerto,Yucatán
2241,31,084,Temax,Yucatán
2242,31,055,Opichén,Yucatán
2243,31,026,Dzemul,Yucatán
2244,31,080,Tekit,Yucatán
2245,31,020,Chicxulub Pueblo,Yucatán
2246,31,046,Mama,Yucatán
2247,31,053,Muna,Yucatán
2248,31,066,Santa Elena,Yucatán
2249,31,023,Chocholá,Yucatán
2250,31,078,Tekantó,Yucatán
2251,31,037,Huhí,Yucatán
2252,31,027,Dzidzantún,Yucatán
2253,31,095,Tixpéhual,Yucatán
2254,31,033,Halachó,Yucatán
2255,31,025,Dzán,Yucatán
2256,31,038,Hunucmá,Yucatán
2257,31,013,Conkal,Yucatán
2258,31,090,Timucuy,Yucatán
2259,31,062,Sacalum,Yucatán
2260,31,010,Cantamayec,Yucatán
2261,31,001,Abalá,Yucatán
2262,31,047,Maní,Yucatán
2263,31,068,Sinanché,Yucatán
2264,31,061,Río Lagartos,Yucatán
2265,31,096,Tizimín,Yucatán
2266,31,050,Mérida,Yucatán
2267,31,102,Valladolid,Yucatán
2268,31,088,Teya,Yucatán
2269,31,106,Yobaín,Yucatán
2270,31,103,Xocchel,Yucatán
2271,31,031,Dzoncauich,Yucatán
2272,31,097,Tunkás,Yucatán
2273,31,059,Progreso,Yucatán
2274,31,011,Celestún,Yucatán
2275,32,008,Cuauhtémoc,Zacatecas
2276,32,027,Melchor Ocampo,Zacatecas
2277,32,023,Juchipila,Zacatecas
2278,32,030,Momax,Zacatecas
2279,32,029,Miguel Auza,Zacatecas
2280,32,002,Apulco,Zacatecas
2281,32,007,Concepción del Oro,Zacatecas
2282,32,056,Zacatecas,Zacatecas
2283,32,022,Juan Aldama,Zacatecas
2284,32,054,Villa Hidalgo,Zacatecas
2285,32,043,Susticacán,Zacatecas
2286,32,035,Noria de Ángeles,Zacatecas
2287,32,037,Pánuco,Zacatecas
2288,32,045,Tepechitlán,Zacatecas
2289,32,016,General Pánfilo Natera,Zacatecas
2290,32,053,Villa González Ortega,Zacatecas
2291,32,042,Sombrerete,Zacatecas
2292,32,051,Villa de Cos,Zacatecas
2293,32,013,General Enrique Estrada,Zacatecas
2294,32,036,Ojocaliente,Zacatecas
2295,32,025,Luis Moya,Zacatecas
2296,32,001,Apozol,Zacatecas
2297,32,006,Cañitas de Felipe Pescador,Zacatecas
2298,32,003,Atolinga,Zacatecas
2299,32,032,Morelos,Zacatecas
2300,32,041,El Salvador,Zacatecas
2301,32,005,Calera,Zacatecas
2302,32,024,Loreto,Zacatecas
2303,32,052,Villa García,Zacatecas
2304,32,050,Vetagrande,Zacatecas
2305,32,028,Mezquital del Oro,Zacatecas
2306,32,040,Sain Alto,Zacatecas
2307,32,034,Nochistlán de Mejía,Zacatecas
2308,32,015,El Plateado de Joaquín Amaro,Zacatecas
2309,32,014,General Francisco R. Murguía,Zacatecas
2310,32,047,Teúl de González Ortega,Zacatecas
2311,32,049,Valparaíso,Zacatecas
2312,32,009,Chalchihuites,Zacatecas
2313,32,018,Huanusco,Zacatecas
2314,32,038,Pinos,Zacatecas
2315,32,039,Río Grande,Zacatecas
2316,32,011,Trinidad García de la Cadena,Zacatecas
2317,32,017,Guadalupe,Zacatecas
2318,32,044,Tabasco,Zacatecas
2319,32,048,Tlaltenango de Sánchez Román,Zacatecas
2320,32,026,Mazapil,Zacatecas
2321,32,021,Jiménez del Teul,Zacatecas
2322,32,031,Monte Escobedo,Zacatecas
2323,32,010,Fresnillo,Zacatecas
2324,32,046,Tepetongo,Zacatecas
2325,32,033,Moyahua de Estrada,Zacatecas
2326,32,055,Villanueva,Zacatecas
2327,32,012,Genaro Codina,Zacatecas
2328,32,020,Jerez,Zacatecas
2329,32,004,Benito Juárez,Zacatecas
2330,32,057,Trancoso,Zacatecas
2331,32,019,Jalpa,Zacatecas
2332,32,058,Santa María de la Paz,Zacatecas
2333,15,001,Acambay de Ruíz Castañeda,México
2334,15,002,Acolman,México
2335,15,003,Aculco,México
2336,15,004,Almoloya de Alquisiras,México
2337,15,005,Almoloya de Juárez,México
2338,15,006,Almoloya del Río,México
2339,15,007,Amanalco,México
2340,15,008,Amatepec,México
2341,15,009,Amecameca,México
2342,15,010,Apaxco,México
2343,15,011,Atenco,México
2344,15,012,Atizapán,México
2345,15,013,Atizapán de Zaragoza,México
2346,15,014,Atlacomulco,México
2347,15,015,Atlautla,México
2348,15,016,Axapusco,México
2349,15,017,Ayapango,México
2350,15,018,Calimaya,México
2351,15,019,Capulhuac,México
2352,15,020,Coacalco de Berriozábal,México
2353,15,022,Cocotitlán,México
2354,15,023,Coyotepec,México
2355,15,024,Cuautitlán,México
2356,15,025,Chalco,México
2357,15,026,Chapa de Mota,México
2358,15,027,Chapultepec,México
2359,15,028,Chiautla,México
2360,15,029,Chicoloapan,México
2361,15,030,Chiconcuac,México
2362,15,031,Chimalhuacán,México
2363,15,032,Donato Guerra,México
2364,15,033,Ecatepec de Morelos,México
2365,15,034,Ecatzingo,México
2366,15,035,Huehuetoca,México
2367,15,036,Hueypoxtla,México
2368,15,037,Huixquilucan,México
2369,15,038,Isidro Fabela,México
2370,15,039,Ixtapaluca,México
2371,15,040,Ixtapan de la Sal,México
2372,15,041,Ixtapan del Oro,México
2373,15,042,Ixtlahuaca,México
2374,15,043,Xalatlaco,México
2375,15,044,Jaltenco,México
2376,15,045,Jilotepec,México
2377,15,046,Jilotzingo,México
2378,15,047,Jiquipilco,México
2379,15,048,Jocotitlán,México
2380,15,049,Joquicingo,México
2381,15,050,Juchitepec,México
2382,15,051,Lerma,México
2383,15,052,Malinalco,México
2384,15,053,Melchor Ocampo,México
2385,15,054,Metepec,México
2386,15,055,Mexicaltzingo,México
2387,15,056,Morelos,México
2388,15,057,Naucalpan de Juárez,México
2389,15,059,Nextlalpan,México
2390,15,060,Nicolás Romero,México
2391,15,061,Nopaltepec,México
2392,15,062,Ocoyoacac,México
2393,15,063,Ocuilan,México
2394,15,064,El Oro,México
2395,15,065,Otumba,México
2396,15,066,Otzoloapan,México
2397,15,068,Ozumba,México
2398,15,069,Papalotla,México
2399,15,070,La Paz,México
2400,15,071,Polotitlán,México
2401,15,072,Rayón,México
2402,15,073,San Antonio la Isla,México
2403,15,074,San Felipe del Progreso,México
2404,15,075,San Martín de las Pirámides,México
2405,15,076,San Mateo Atenco,México
2406,15,077,San Simón de Guerrero,México
2407,15,078,Santo Tomás,México
2408,15,079,Soyaniquilpan de Juárez,México
2409,15,080,Sultepec,México
2410,15,081,Tecámac,México
2411,15,082,Tejupilco,México
2412,15,083,Temamatla,México
2413,15,084,Temascalapa,México
2414,15,085,Temascalcingo,México
2415,15,088,Tenancingo,México
2416,15,089,Tenango del Aire,México
2417,15,091,Teoloyucan,México
2418,15,092,Teotihuacán,México
2419,15,093,Tepetlaoxtoc,México
2420,15,094,Tepetlixpa,México
2421,15,095,Tepotzotlán,México
2422,15,096,Tequixquiac,México
2423,15,098,Texcalyacac,México
2424,15,099,Texcoco,México
2425,15,100,Tezoyuca,México
2426,15,101,Tianguistenco,México
2427,15,102,Timilpan,México
2428,15,103,Tlalmanalco,México
2429,15,104,Tlalnepantla de Baz,México
2430,15,105,Tlatlaya,México
2431,15,107,Tonatico,México
2432,15,108,Tultepec,México
2433,15,109,Tultitlán,México
2434,15,110,Valle de Bravo,México
2435,15,111,Villa de Allende,México
2436,15,112,Villa del Carbón,México
2437,15,114,Villa Victoria,México
2438,15,116,Zacazonapan,México
2439,15,117,Zacualpan,México
2440,15,118,Zinacantepec,México
2441,15,119,Zumpahuacán,México
2442,15,120,Zumpango,México
2443,15,121,Cuautitlán Izcalli,México
2444,15,122,Valle de Chalco Solidaridad,México
2445,15,123,Luvianos,México
2446,15,124,San José del Rincón,México
2447,15,125,Tonanitla,México
2448,15,115,Xonacatlán,México
2449,15,021,Coatepec Harinas,México
2450,15,113,Villa Guerrero,México
2451,15,086,Temascaltepec,México
2452,15,097,Texcaltitlán,México
2453,15,087,Temoaya,México
2454,15,067,Otzolotepec,México
2455,15,090,Tenango del Valle,México
2456,15,106,Toluca,México
2457,15,058,Nezahualcóyotl,México
